时间,开盘,收盘,最高,最低,涨跌幅,涨跌额,成交量,成交额,振幅,换手率
2026-01-14 09:35:00,8.246,8.322,8.336,8.246,0.95,0.078,370716,310564527.0,1.09,0.32
2026-01-14 09:40:00,8.321,8.34,8.342,8.308,0.22,0.018,245176,205611096.0,0.41,0.21
2026-01-14 09:45:00,8.34,8.36,8.362,8.329,0.24,0.02,265605,223405177.0,0.4,0.23
2026-01-14 09:50:00,8.359,8.339,8.383,8.334,-0.25,-0.021,417053,351111711.0,0.59,0.36
2026-01-14 09:55:00,8.34,8.32,8.345,8.312,-0.23,-0.019,240491,201895583.0,0.4,0.21
2026-01-14 10:00:00,8.32,8.378,8.379,8.314,0.7,0.058,320765,270040358.0,0.78,0.28
2026-01-14 10:05:00,8.38,8.393,8.402,8.38,0.18,0.015,499707,422505707.0,0.26,0.43
2026-01-14 10:10:00,8.392,8.406,8.408,8.389,0.15,0.013,438602,371162958.0,0.23,0.38
2026-01-14 10:15:00,8.405,8.413,8.426,8.402,0.08,0.007,395960,335694254.0,0.29,0.34
2026-01-14 10:20:00,8.414,8.42,8.425,8.411,0.08,0.007,332647,282053359.0,0.17,0.29
2026-01-14 10:25:00,8.423,8.439,8.439,8.415,0.23,0.019,326875,277473695.0,0.29,0.28
2026-01-14 10:30:00,8.44,8.447,8.452,8.434,0.09,0.008,531663,452258281.0,0.21,0.46
2026-01-14 10:35:00,8.447,8.437,8.46,8.433,-0.12,-0.01,415642,353603962.0,0.32,0.36
2026-01-14 10:40:00,8.439,8.446,8.448,8.427,0.11,0.009,224160,190507149.0,0.25,0.19
2026-01-14 10:45:00,8.446,8.455,8.457,8.429,0.11,0.009,160746,136754342.0,0.33,0.14
2026-01-14 10:50:00,8.455,8.45,8.458,8.443,-0.06,-0.005,151572,129042313.0,0.18,0.13
2026-01-14 10:55:00,8.449,8.442,8.456,8.434,-0.09,-0.008,167217,142261532.0,0.26,0.14
2026-01-14 11:00:00,8.442,8.456,8.468,8.442,0.17,0.014,196050,167033641.0,0.31,0.17
2026-01-14 11:05:00,8.455,8.465,8.471,8.447,0.11,0.009,177484,151245472.0,0.28,0.15
2026-01-14 11:10:00,8.466,8.469,8.474,8.466,0.05,0.004,145729,124324766.0,0.09,0.13
2026-01-14 11:15:00,8.469,8.459,8.474,8.451,-0.12,-0.01,118145,100733878.0,0.27,0.1
2026-01-14 11:20:00,8.462,8.465,8.465,8.449,0.07,0.006,187631,159892115.0,0.19,0.16
2026-01-14 11:25:00,8.467,8.449,8.47,8.449,-0.19,-0.016,202716,172826046.0,0.25,0.18
2026-01-14 11:30:00,8.45,8.462,8.466,8.45,0.15,0.013,86595,73783084.0,0.19,0.07
2026-01-14 13:05:00,8.441,8.384,8.454,8.323,-0.92,-0.078,590749,497510753.0,1.55,0.51
2026-01-14 13:10:00,8.38,8.303,8.38,8.287,-0.97,-0.081,396279,331721649.0,1.11,0.34
2026-01-14 13:15:00,8.302,8.275,8.344,8.275,-0.34,-0.028,471686,394513625.0,0.83,0.41
2026-01-14 13:20:00,8.274,8.29,8.292,8.233,0.18,0.015,402591,335129809.0,0.71,0.35
2026-01-14 13:25:00,8.291,8.303,8.308,8.266,0.16,0.013,275445,230013208.0,0.51,0.24
2026-01-14 13:30:00,8.304,8.32,8.32,8.27,0.2,0.017,165205,137985925.0,0.6,0.14
2026-01-14 13:35:00,8.324,8.308,8.337,8.306,-0.14,-0.012,139410,116871159.0,0.37,0.12
2026-01-14 13:40:00,8.308,8.33,8.354,8.303,0.26,0.022,76448,64222124.0,0.61,0.07
2026-01-14 13:45:00,8.334,8.306,8.341,8.306,-0.29,-0.024,96172,80623929.0,0.42,0.08
2026-01-14 13:50:00,8.305,8.283,8.308,8.278,-0.28,-0.023,122930,102717385.0,0.36,0.11
2026-01-14 13:55:00,8.283,8.275,8.298,8.275,-0.1,-0.008,145345,121269905.0,0.28,0.13
2026-01-14 14:00:00,8.275,8.211,8.276,8.207,-0.77,-0.064,655763,543981976.0,0.83,0.57
2026-01-14 14:05:00,8.21,8.244,8.25,8.188,0.4,0.033,353816,292751594.0,0.76,0.31
2026-01-14 14:10:00,8.241,8.253,8.253,8.206,0.11,0.009,329863,273347731.0,0.57,0.29
2026-01-14 14:15:00,8.252,8.309,8.316,8.252,0.68,0.056,133443,111558720.0,0.78,0.12
2026-01-14 14:20:00,8.309,8.32,8.32,8.294,0.13,0.011,107392,89893088.0,0.31,0.09
2026-01-14 14:25:00,8.322,8.325,8.325,8.295,0.06,0.005,113187,94777990.0,0.36,0.1
2026-01-14 14:30:00,8.325,8.338,8.342,8.325,0.16,0.013,179475,150762264.0,0.2,0.16
2026-01-14 14:35:00,8.34,8.297,8.346,8.296,-0.49,-0.041,305626,256006773.0,0.6,0.26
2026-01-14 14:40:00,8.296,8.292,8.296,8.276,-0.06,-0.005,407796,340384265.0,0.24,0.35
2026-01-14 14:45:00,8.289,8.292,8.312,8.28,0.0,0.0,432389,361451085.0,0.39,0.37
2026-01-14 14:50:00,8.291,8.282,8.301,8.279,-0.12,-0.01,382464,319347915.0,0.27,0.33
2026-01-14 14:55:00,8.284,8.29,8.294,8.283,0.1,0.008,330305,275818295.0,0.13,0.29
2026-01-14 15:00:00,8.29,8.303,8.305,8.289,0.16,0.013,258037,215637158.0,0.19,0.22
2026-01-15 09:35:00,8.238,8.293,8.301,8.223,-0.12,-0.01,392172,326625439.0,0.94,0.34
2026-01-15 09:40:00,8.29,8.257,8.307,8.257,-0.43,-0.036,303741,253526111.0,0.6,0.26
2026-01-15 09:45:00,8.254,8.268,8.301,8.247,0.13,0.011,285503,238044818.0,0.65,0.25
2026-01-15 09:50:00,8.27,8.266,8.274,8.251,-0.02,-0.002,282885,235465627.0,0.28,0.24
2026-01-15 09:55:00,8.263,8.282,8.303,8.263,0.19,0.016,181053,151001888.0,0.48,0.16
2026-01-15 10:00:00,8.282,8.311,8.32,8.282,0.35,0.029,402006,336399828.0,0.46,0.35
2026-01-15 10:05:00,8.312,8.303,8.328,8.303,-0.1,-0.008,566202,474075261.0,0.3,0.49
2026-01-15 10:10:00,8.302,8.296,8.306,8.281,-0.08,-0.007,557174,465755915.0,0.3,0.48
2026-01-15 10:15:00,8.296,8.298,8.305,8.286,0.02,0.002,507589,424222077.0,0.23,0.44
2026-01-15 10:20:00,8.299,8.282,8.301,8.282,-0.19,-0.016,857205,716448258.0,0.23,0.74
2026-01-15 10:25:00,8.281,8.258,8.287,8.258,-0.29,-0.024,990433,825569088.0,0.35,0.86
2026-01-15 10:30:00,8.258,8.256,8.264,8.251,-0.02,-0.002,650984,541552929.0,0.16,0.56
2026-01-15 10:35:00,8.258,8.265,8.271,8.252,0.11,0.009,194608,161994047.0,0.23,0.17
2026-01-15 10:40:00,8.268,8.268,8.282,8.26,0.04,0.003,489503,407791258.0,0.27,0.42
2026-01-15 10:45:00,8.262,8.246,8.272,8.245,-0.27,-0.022,877811,730347892.0,0.33,0.76
2026-01-15 10:50:00,8.246,8.261,8.263,8.245,0.18,0.015,1068313,888351905.0,0.22,0.92
2026-01-15 10:55:00,8.26,8.242,8.26,8.242,-0.23,-0.019,1104899,918725061.0,0.22,0.95
2026-01-15 11:00:00,8.243,8.239,8.247,8.238,-0.04,-0.003,883837,733821629.0,0.11,0.76
2026-01-15 11:05:00,8.239,8.246,8.259,8.23,0.08,0.007,417336,346758225.0,0.35,0.36
2026-01-15 11:10:00,8.246,8.25,8.262,8.237,0.05,0.004,1112076,924066746.0,0.3,0.96
2026-01-15 11:15:00,8.248,8.228,8.257,8.222,-0.27,-0.022,920262,764089842.0,0.42,0.8
2026-01-15 11:20:00,8.231,8.231,8.242,8.229,0.04,0.003,125775,104335529.0,0.16,0.11
2026-01-15 11:25:00,8.231,8.221,8.232,8.22,-0.12,-0.01,86300,71546092.0,0.15,0.07
2026-01-15 11:30:00,8.219,8.225,8.226,8.207,0.05,0.004,102248,84649096.0,0.23,0.09
2026-01-15 13:05:00,8.224,8.212,8.227,8.203,-0.16,-0.013,133235,110230870.0,0.29,0.12
2026-01-15 13:10:00,8.211,8.221,8.234,8.211,0.11,0.009,46818,38782965.0,0.28,0.04
2026-01-15 13:15:00,8.224,8.24,8.24,8.216,0.23,0.019,39325,32598158.0,0.29,0.03
2026-01-15 13:20:00,8.239,8.23,8.243,8.229,-0.12,-0.01,33319,27647834.0,0.17,0.03
2026-01-15 13:25:00,8.227,8.243,8.247,8.225,0.16,0.013,47349,39301860.0,0.27,0.04
2026-01-15 13:30:00,8.245,8.254,8.267,8.245,0.13,0.011,66741,55534984.0,0.27,0.06
2026-01-15 13:35:00,8.254,8.247,8.258,8.239,-0.08,-0.007,250871,208451645.0,0.23,0.22
2026-01-15 13:40:00,8.252,8.235,8.252,8.231,-0.15,-0.012,258037,214152872.0,0.25,0.22
2026-01-15 13:45:00,8.235,8.251,8.253,8.235,0.19,0.016,64583,53630114.0,0.22,0.06
2026-01-15 13:50:00,8.253,8.265,8.271,8.25,0.17,0.014,263304,219208135.0,0.25,0.23
2026-01-15 13:55:00,8.265,8.257,8.273,8.256,-0.1,-0.008,943011,785053135.0,0.21,0.81
2026-01-15 14:00:00,8.26,8.241,8.263,8.238,-0.19,-0.016,1240540,1030791015.0,0.3,1.07
2026-01-15 14:05:00,8.242,8.243,8.246,8.227,0.02,0.002,1028121,853307857.0,0.23,0.89
2026-01-15 14:10:00,8.245,8.227,8.255,8.227,-0.19,-0.016,611489,507657919.0,0.34,0.53
2026-01-15 14:15:00,8.226,8.224,8.226,8.213,-0.04,-0.003,1054966,873784089.0,0.16,0.91
2026-01-15 14:20:00,8.228,8.222,8.236,8.222,-0.02,-0.002,102175,84692521.0,0.17,0.09
2026-01-15 14:25:00,8.223,8.252,8.252,8.218,0.36,0.03,125863,104464955.0,0.41,0.11
2026-01-15 14:30:00,8.244,8.237,8.267,8.237,-0.18,-0.015,1593272,1324247318.0,0.36,1.38
2026-01-15 14:35:00,8.238,8.229,8.239,8.213,-0.1,-0.008,1337569,1108465839.0,0.32,1.16
2026-01-15 14:40:00,8.23,8.246,8.246,8.23,0.21,0.017,556637,461998466.0,0.19,0.48
2026-01-15 14:45:00,8.246,8.248,8.262,8.24,0.02,0.002,1606295,1334592040.0,0.27,1.39
2026-01-15 14:50:00,8.247,8.251,8.256,8.235,0.04,0.003,2041949,1695944152.0,0.25,1.76
2026-01-15 14:55:00,8.25,8.236,8.25,8.231,-0.18,-0.015,4529247,3758495984.0,0.23,3.91
2026-01-15 15:00:00,8.237,8.277,8.28,8.235,0.5,0.041,338372,281379137.0,0.55,0.29
2026-01-16 09:35:00,8.318,8.335,8.338,8.306,0.7,0.058,603190,502317284.0,0.39,0.52
2026-01-16 09:40:00,8.336,8.33,8.353,8.318,-0.06,-0.005,981852,818271177.0,0.42,0.85
2026-01-16 09:45:00,8.332,8.329,8.335,8.32,-0.01,-0.001,634424,528298898.0,0.18,0.55
2026-01-16 09:50:00,8.328,8.313,8.334,8.311,-0.19,-0.016,483055,402046172.0,0.28,0.42
2026-01-16 09:55:00,8.313,8.318,8.328,8.313,0.06,0.005,838801,697767050.0,0.18,0.72
2026-01-16 10:00:00,8.317,8.289,8.317,8.286,-0.35,-0.029,939527,780176143.0,0.37,0.81
2026-01-16 10:05:00,8.291,8.287,8.298,8.28,-0.02,-0.002,863835,716206022.0,0.22,0.75
2026-01-16 10:10:00,8.287,8.271,8.289,8.27,-0.19,-0.016,886538,734312460.0,0.23,0.77
2026-01-16 10:15:00,8.271,8.265,8.278,8.26,-0.07,-0.006,994172,822208777.0,0.22,0.86
2026-01-16 10:20:00,8.265,8.279,8.291,8.265,0.17,0.014,634156,525055019.0,0.31,0.55
2026-01-16 10:25:00,8.279,8.246,8.295,8.244,-0.4,-0.033,585558,484435704.0,0.62,0.51
2026-01-16 10:30:00,8.247,8.266,8.274,8.247,0.24,0.02,504318,416556809.0,0.33,0.44
2026-01-16 10:35:00,8.269,8.262,8.279,8.258,-0.05,-0.004,301528,249290486.0,0.25,0.26
2026-01-16 10:40:00,8.263,8.273,8.28,8.263,0.13,0.011,303652,251181791.0,0.21,0.26
2026-01-16 10:45:00,8.276,8.267,8.28,8.264,-0.07,-0.006,176603,146130205.0,0.19,0.15
2026-01-16 10:50:00,8.268,8.269,8.281,8.26,0.02,0.002,230446,190522468.0,0.25,0.2
2026-01-16 10:55:00,8.271,8.269,8.276,8.261,0.0,0.0,139434,115289944.0,0.18,0.12
2026-01-16 11:00:00,8.267,8.27,8.285,8.265,0.01,0.001,145091,120014205.0,0.24,0.13
2026-01-16 11:05:00,8.269,8.301,8.306,8.268,0.37,0.031,152663,126601591.0,0.46,0.13
2026-01-16 11:10:00,8.301,8.293,8.305,8.28,-0.1,-0.008,895970,742454330.0,0.3,0.77
2026-01-16 11:15:00,8.289,8.249,8.289,8.249,-0.53,-0.044,2112148,1745441265.0,0.48,1.83
2026-01-16 11:20:00,8.249,8.257,8.262,8.245,0.1,0.008,929407,766687725.0,0.21,0.8
2026-01-16 11:25:00,8.259,8.293,8.293,8.256,0.44,0.036,191548,158376322.0,0.45,0.17
2026-01-16 11:30:00,8.293,8.251,8.294,8.251,-0.51,-0.042,826985,683492153.0,0.52,0.71
2026-01-16 13:05:00,8.252,8.25,8.282,8.25,-0.01,-0.001,1040770,859276776.0,0.39,0.9
2026-01-16 13:10:00,8.249,8.258,8.263,8.24,0.1,0.008,1104272,910710791.0,0.28,0.95
2026-01-16 13:15:00,8.256,8.265,8.273,8.252,0.08,0.007,212189,175342563.0,0.25,0.18
2026-01-16 13:20:00,8.267,8.281,8.281,8.264,0.19,0.016,165841,137163759.0,0.21,0.14
2026-01-16 13:25:00,8.279,8.278,8.281,8.27,-0.04,-0.003,153821,127303709.0,0.13,0.13
2026-01-16 13:30:00,8.28,8.287,8.295,8.28,0.11,0.009,139646,115733751.0,0.18,0.12
2026-01-16 13:35:00,8.287,8.293,8.294,8.277,0.07,0.006,128577,106560722.0,0.21,0.11
2026-01-16 13:40:00,8.293,8.315,8.315,8.293,0.27,0.022,213346,177174958.0,0.27,0.18
2026-01-16 13:45:00,8.315,8.309,8.319,8.308,-0.07,-0.006,153361,127503801.0,0.13,0.13
2026-01-16 13:50:00,8.311,8.318,8.331,8.309,0.11,0.009,157198,130777332.0,0.26,0.14
2026-01-16 13:55:00,8.319,8.295,8.325,8.295,-0.28,-0.023,171204,142206809.0,0.36,0.15
2026-01-16 14:00:00,8.298,8.308,8.316,8.295,0.16,0.013,92125,76499664.0,0.25,0.08
2026-01-16 14:05:00,8.309,8.282,8.309,8.277,-0.31,-0.026,137072,113624215.0,0.39,0.12
2026-01-16 14:10:00,8.281,8.285,8.299,8.278,0.04,0.003,80506,66714699.0,0.25,0.07
2026-01-16 14:15:00,8.283,8.279,8.288,8.27,-0.07,-0.006,164900,136522285.0,0.22,0.14
2026-01-16 14:20:00,8.277,8.281,8.282,8.264,0.02,0.002,173098,143208587.0,0.22,0.15
2026-01-16 14:25:00,8.281,8.284,8.289,8.279,0.04,0.003,128518,106464535.0,0.12,0.11
2026-01-16 14:30:00,8.285,8.291,8.295,8.281,0.08,0.007,97270,80627755.0,0.17,0.08
2026-01-16 14:35:00,8.289,8.301,8.301,8.283,0.12,0.01,115054,95368266.0,0.22,0.1
2026-01-16 14:40:00,8.3,8.29,8.306,8.288,-0.13,-0.011,93415,77500900.0,0.22,0.08
2026-01-16 14:45:00,8.288,8.285,8.289,8.279,-0.06,-0.005,104129,86272740.0,0.12,0.09
2026-01-16 14:50:00,8.287,8.284,8.289,8.283,-0.01,-0.001,93131,77159019.0,0.07,0.08
2026-01-16 14:55:00,8.284,8.285,8.286,8.278,0.01,0.001,136891,113374843.0,0.1,0.12
2026-01-16 15:00:00,8.284,8.295,8.299,8.284,0.12,0.01,96315,79883131.0,0.18,0.08
2026-01-19 09:35:00,8.27,8.261,8.299,8.25,-0.41,-0.034,256443,212176860.0,0.59,0.22
2026-01-19 09:40:00,8.257,8.297,8.305,8.257,0.44,0.036,297644,246677027.0,0.58,0.26
2026-01-19 09:45:00,8.298,8.318,8.321,8.288,0.25,0.021,203662,169190002.0,0.4,0.18
2026-01-19 09:50:00,8.317,8.312,8.318,8.298,-0.07,-0.006,248363,206383810.0,0.24,0.21
2026-01-19 09:55:00,8.313,8.361,8.364,8.312,0.59,0.049,270870,225941176.0,0.63,0.23
2026-01-19 10:00:00,8.362,8.379,8.379,8.359,0.22,0.018,224466,187855350.0,0.24,0.19
2026-01-19 10:05:00,8.383,8.376,8.388,8.374,-0.04,-0.003,222655,186584343.0,0.17,0.19
2026-01-19 10:10:00,8.375,8.387,8.387,8.37,0.13,0.011,150310,125943864.0,0.2,0.13
2026-01-19 10:15:00,8.389,8.376,8.397,8.376,-0.13,-0.011,186687,156624859.0,0.25,0.16
2026-01-19 10:20:00,8.375,8.372,8.376,8.364,-0.05,-0.004,225222,188546198.0,0.14,0.19
2026-01-19 10:25:00,8.373,8.357,8.376,8.357,-0.18,-0.015,921838,770979704.0,0.23,0.8
2026-01-19 10:30:00,8.357,8.349,8.359,8.345,-0.1,-0.008,1645811,1374611666.0,0.17,1.42
2026-01-19 10:35:00,8.348,8.331,8.35,8.326,-0.22,-0.018,1902569,1586579940.0,0.29,1.64
2026-01-19 10:40:00,8.33,8.329,8.341,8.326,-0.02,-0.002,346720,288870728.0,0.18,0.3
2026-01-19 10:45:00,8.332,8.335,8.338,8.311,0.07,0.006,89114,74219178.0,0.32,0.08
2026-01-19 10:50:00,8.335,8.347,8.348,8.335,0.14,0.012,133337,111260615.0,0.16,0.12
2026-01-19 10:55:00,8.349,8.355,8.355,8.346,0.1,0.008,55571,46403432.0,0.11,0.05
2026-01-19 11:00:00,8.355,8.354,8.357,8.351,-0.01,-0.001,41153,34379529.0,0.07,0.04
2026-01-19 11:05:00,8.354,8.365,8.365,8.353,0.13,0.011,53042,44351705.0,0.14,0.05
2026-01-19 11:10:00,8.365,8.361,8.368,8.358,-0.05,-0.004,40548,33907287.0,0.12,0.04
2026-01-19 11:15:00,8.36,8.368,8.37,8.359,0.08,0.007,103250,86379577.0,0.13,0.09
2026-01-19 11:20:00,8.368,8.374,8.376,8.366,0.07,0.006,174440,146014539.0,0.12,0.15
2026-01-19 11:25:00,8.374,8.355,8.379,8.346,-0.23,-0.019,123507,103256438.0,0.39,0.11
2026-01-19 11:30:00,8.355,8.355,8.357,8.35,0.0,0.0,71886,60052753.0,0.08,0.06
2026-01-19 13:05:00,8.355,8.359,8.361,8.352,0.05,0.004,95787,80035748.0,0.11,0.08
2026-01-19 13:10:00,8.359,8.365,8.367,8.355,0.07,0.006,48007,40141080.0,0.14,0.04
2026-01-19 13:15:00,8.366,8.378,8.378,8.361,0.16,0.013,70411,58928580.0,0.2,0.06
2026-01-19 13:20:00,8.377,8.383,8.384,8.376,0.06,0.005,121455,101793197.0,0.1,0.1
2026-01-19 13:25:00,8.383,8.376,8.384,8.374,-0.08,-0.007,90689,75995289.0,0.12,0.08
2026-01-19 13:30:00,8.376,8.375,8.381,8.373,-0.01,-0.001,49351,41342053.0,0.1,0.04
2026-01-19 13:35:00,8.378,8.373,8.386,8.372,-0.02,-0.002,92623,77617425.0,0.17,0.08
2026-01-19 13:40:00,8.372,8.365,8.375,8.363,-0.1,-0.008,94377,78978498.0,0.14,0.08
2026-01-19 13:45:00,8.364,8.362,8.377,8.362,-0.04,-0.003,266924,223322756.0,0.18,0.23
2026-01-19 13:50:00,8.361,8.36,8.365,8.356,-0.02,-0.002,1141233,953997306.0,0.11,0.99
2026-01-19 13:55:00,8.359,8.328,8.359,8.321,-0.38,-0.032,2161843,1801366152.0,0.45,1.87
2026-01-19 14:00:00,8.327,8.346,8.348,8.327,0.22,0.018,1001352,834408231.0,0.25,0.87
2026-01-19 14:05:00,8.342,8.357,8.358,8.337,0.13,0.011,140255,117100462.0,0.25,0.12
2026-01-19 14:10:00,8.357,8.361,8.364,8.355,0.05,0.004,84476,70614752.0,0.11,0.07
2026-01-19 14:15:00,8.361,8.368,8.369,8.355,0.08,0.007,87397,73073078.0,0.17,0.08
2026-01-19 14:20:00,8.368,8.365,8.371,8.36,-0.04,-0.003,169613,141923104.0,0.13,0.15
2026-01-19 14:25:00,8.365,8.366,8.368,8.361,0.01,0.001,94236,78832580.0,0.08,0.08
2026-01-19 14:30:00,8.366,8.366,8.369,8.356,0.0,0.0,172181,144023156.0,0.16,0.15
2026-01-19 14:35:00,8.365,8.362,8.368,8.357,-0.05,-0.004,172706,144409013.0,0.13,0.15
2026-01-19 14:40:00,8.364,8.357,8.364,8.349,-0.06,-0.005,181893,151969284.0,0.18,0.16
2026-01-19 14:45:00,8.357,8.35,8.358,8.349,-0.08,-0.007,166687,139242502.0,0.11,0.14
2026-01-19 14:50:00,8.351,8.351,8.354,8.348,0.01,0.001,150712,125860007.0,0.07,0.13
2026-01-19 14:55:00,8.35,8.351,8.353,8.347,0.0,0.0,358895,299731655.0,0.07,0.31
2026-01-19 15:00:00,8.351,8.348,8.351,8.347,-0.04,-0.003,213645,178376678.0,0.05,0.18
2026-01-20 09:35:00,8.356,8.395,8.414,8.356,0.56,0.047,440676,370060426.0,0.69,0.38
2026-01-20 09:40:00,8.396,8.372,8.41,8.361,-0.27,-0.023,824530,691057979.0,0.58,0.71
2026-01-20 09:45:00,8.371,8.335,8.374,8.331,-0.44,-0.037,727888,608231183.0,0.51,0.63
2026-01-20 09:50:00,8.339,8.336,8.35,8.335,0.01,0.001,848573,707996816.0,0.18,0.73
2026-01-20 09:55:00,8.333,8.337,8.348,8.333,0.01,0.001,508856,424472534.0,0.18,0.44
2026-01-20 10:00:00,8.336,8.322,8.34,8.313,-0.18,-0.015,331458,276082848.0,0.32,0.29
2026-01-20 10:05:00,8.322,8.321,8.325,8.309,-0.01,-0.001,522078,434208132.0,0.19,0.45
2026-01-20 10:10:00,8.321,8.294,8.321,8.279,-0.32,-0.027,826897,686216021.0,0.5,0.71
2026-01-20 10:15:00,8.293,8.258,8.295,8.258,-0.43,-0.036,530925,439477258.0,0.45,0.46
2026-01-20 10:20:00,8.258,8.234,8.258,8.227,-0.29,-0.024,1190022,980730271.0,0.38,1.03
2026-01-20 10:25:00,8.227,8.234,8.237,8.206,0.0,0.0,797116,654989870.0,0.38,0.69
2026-01-20 10:30:00,8.231,8.225,8.232,8.201,-0.11,-0.009,488850,401561285.0,0.38,0.42
2026-01-20 10:35:00,8.225,8.225,8.231,8.201,0.0,0.0,658243,540795566.0,0.36,0.57
2026-01-20 10:40:00,8.226,8.255,8.255,8.226,0.36,0.03,559581,461254508.0,0.35,0.48
2026-01-20 10:45:00,8.257,8.275,8.276,8.255,0.24,0.02,340686,281565908.0,0.25,0.29
2026-01-20 10:50:00,8.273,8.258,8.277,8.247,-0.21,-0.017,351111,290122339.0,0.36,0.3
2026-01-20 10:55:00,8.259,8.268,8.268,8.251,0.12,0.01,398829,329490201.0,0.21,0.34
2026-01-20 11:00:00,8.265,8.247,8.268,8.236,-0.25,-0.021,318058,262332715.0,0.39,0.27
2026-01-20 11:05:00,8.253,8.247,8.261,8.246,0.0,0.0,219818,181407770.0,0.18,0.19
2026-01-20 11:10:00,8.249,8.236,8.249,8.233,-0.13,-0.011,266575,219657185.0,0.19,0.23
2026-01-20 11:15:00,8.237,8.27,8.27,8.232,0.41,0.034,182455,150505327.0,0.46,0.16
2026-01-20 11:20:00,8.268,8.277,8.28,8.262,0.08,0.007,176178,145771530.0,0.22,0.15
2026-01-20 11:25:00,8.277,8.274,8.298,8.259,-0.04,-0.003,190477,157718253.0,0.47,0.16
2026-01-20 11:30:00,8.275,8.26,8.282,8.259,-0.17,-0.014,71836,59404088.0,0.28,0.06
2026-01-20 13:05:00,8.259,8.244,8.266,8.239,-0.19,-0.016,114998,94893964.0,0.33,0.1
2026-01-20 13:10:00,8.244,8.258,8.266,8.243,0.17,0.014,87148,71912548.0,0.28,0.08
2026-01-20 13:15:00,8.258,8.259,8.272,8.249,0.01,0.001,93426,77179317.0,0.28,0.08
2026-01-20 13:20:00,8.258,8.269,8.276,8.249,0.12,0.01,100722,83217966.0,0.33,0.09
2026-01-20 13:25:00,8.269,8.27,8.279,8.26,0.01,0.001,82612,68335109.0,0.23,0.07
2026-01-20 13:30:00,8.27,8.286,8.296,8.269,0.19,0.016,115778,95959704.0,0.33,0.1
2026-01-20 13:35:00,8.289,8.283,8.29,8.271,-0.04,-0.003,190402,157652737.0,0.23,0.16
2026-01-20 13:40:00,8.29,8.276,8.29,8.268,-0.08,-0.007,294034,243290190.0,0.27,0.25
2026-01-20 13:45:00,8.28,8.287,8.301,8.279,0.13,0.011,1354737,1123257039.0,0.27,1.17
2026-01-20 13:50:00,8.293,8.323,8.323,8.289,0.43,0.036,589985,489631859.0,0.41,0.51
2026-01-20 13:55:00,8.326,8.315,8.327,8.308,-0.1,-0.008,218821,182052587.0,0.23,0.19
2026-01-20 14:00:00,8.314,8.297,8.316,8.297,-0.22,-0.018,48955,40679252.0,0.23,0.04
2026-01-20 14:05:00,8.298,8.29,8.299,8.287,-0.08,-0.007,26073,21624702.0,0.14,0.02
2026-01-20 14:10:00,8.29,8.294,8.301,8.287,0.05,0.004,46107,38239975.0,0.17,0.04
2026-01-20 14:15:00,8.294,8.298,8.301,8.292,0.05,0.004,101463,84176524.0,0.11,0.09
2026-01-20 14:20:00,8.298,8.277,8.299,8.272,-0.25,-0.021,226099,187387612.0,0.33,0.2
2026-01-20 14:25:00,8.278,8.287,8.291,8.278,0.12,0.01,62060,51421166.0,0.16,0.05
2026-01-20 14:30:00,8.287,8.28,8.289,8.27,-0.08,-0.007,72539,60050864.0,0.23,0.06
2026-01-20 14:35:00,8.279,8.261,8.287,8.26,-0.23,-0.019,82866,68516372.0,0.33,0.07
2026-01-20 14:40:00,8.261,8.273,8.273,8.258,0.15,0.012,111277,91974591.0,0.18,0.1
2026-01-20 14:45:00,8.275,8.295,8.295,8.272,0.27,0.022,77129,63877983.0,0.28,0.07
2026-01-20 14:50:00,8.297,8.3,8.308,8.295,0.06,0.005,69546,57736255.0,0.16,0.06
2026-01-20 14:55:00,8.3,8.315,8.315,8.299,0.18,0.015,93349,77526863.0,0.19,0.08
2026-01-20 15:00:00,8.315,8.324,8.325,8.314,0.11,0.009,110718,92143381.0,0.13,0.1
2026-01-21 09:35:00,8.282,8.29,8.325,8.28,-0.41,-0.034,243296,201882068.0,0.54,0.21
2026-01-21 09:40:00,8.287,8.354,8.354,8.284,0.77,0.064,208315,173153883.0,0.84,0.18
2026-01-21 09:45:00,8.355,8.378,8.391,8.354,0.29,0.024,314878,263639613.0,0.44,0.27
2026-01-21 09:50:00,8.378,8.363,8.39,8.358,-0.18,-0.015,322584,270236370.0,0.38,0.28
2026-01-21 09:55:00,8.363,8.345,8.365,8.341,-0.22,-0.018,102892,85969626.0,0.29,0.09
2026-01-21 10:00:00,8.346,8.363,8.365,8.346,0.22,0.018,64963,54296835.0,0.23,0.06
2026-01-21 10:05:00,8.363,8.369,8.383,8.361,0.07,0.006,85457,71528393.0,0.26,0.07
2026-01-21 10:10:00,8.372,8.391,8.392,8.37,0.26,0.022,126743,106224167.0,0.26,0.11
2026-01-21 10:15:00,8.392,8.408,8.412,8.392,0.2,0.017,176003,147892626.0,0.24,0.15
2026-01-21 10:20:00,8.409,8.407,8.411,8.397,-0.01,-0.001,146812,123385427.0,0.17,0.13
2026-01-21 10:25:00,8.409,8.405,8.415,8.398,-0.02,-0.002,122136,102685698.0,0.2,0.11
2026-01-21 10:30:00,8.405,8.421,8.422,8.402,0.19,0.016,263919,222021475.0,0.24,0.23
2026-01-21 10:35:00,8.423,8.405,8.425,8.402,-0.19,-0.016,295148,248347379.0,0.27,0.26
2026-01-21 10:40:00,8.405,8.409,8.411,8.398,0.05,0.004,180790,151958437.0,0.15,0.16
2026-01-21 10:45:00,8.411,8.403,8.417,8.403,-0.07,-0.006,75426,63436728.0,0.17,0.07
2026-01-21 10:50:00,8.403,8.385,8.404,8.385,-0.21,-0.018,129578,108743400.0,0.23,0.11
2026-01-21 10:55:00,8.386,8.384,8.398,8.382,-0.01,-0.001,89647,75200816.0,0.19,0.08
2026-01-21 11:00:00,8.385,8.387,8.397,8.385,0.04,0.003,46210,38772419.0,0.14,0.04
2026-01-21 11:05:00,8.388,8.426,8.427,8.388,0.47,0.039,119487,100476169.0,0.47,0.1
2026-01-21 11:10:00,8.426,8.424,8.43,8.421,-0.02,-0.002,89207,75154251.0,0.11,0.08
2026-01-21 11:15:00,8.424,8.416,8.429,8.413,-0.09,-0.008,148898,125369706.0,0.19,0.13
2026-01-21 11:20:00,8.415,8.412,8.419,8.401,-0.05,-0.004,944837,794746507.0,0.21,0.82
2026-01-21 11:25:00,8.414,8.397,8.421,8.393,-0.18,-0.015,914009,767996098.0,0.33,0.79
2026-01-21 11:30:00,8.397,8.383,8.405,8.383,-0.17,-0.014,940282,789014557.0,0.26,0.81
2026-01-21 13:05:00,8.382,8.397,8.403,8.382,0.17,0.014,450869,378121713.0,0.25,0.39
2026-01-21 13:10:00,8.397,8.386,8.401,8.383,-0.13,-0.011,875178,734146370.0,0.21,0.76
2026-01-21 13:15:00,8.392,8.387,8.393,8.378,0.01,0.001,755177,633362838.0,0.18,0.65
2026-01-21 13:20:00,8.387,8.39,8.395,8.384,0.04,0.003,57394,48146653.0,0.13,0.05
2026-01-21 13:25:00,8.391,8.391,8.395,8.385,0.01,0.001,26097,21896333.0,0.12,0.02
2026-01-21 13:30:00,8.392,8.39,8.392,8.384,-0.01,-0.001,30617,25678831.0,0.1,0.03
2026-01-21 13:35:00,8.389,8.386,8.397,8.381,-0.05,-0.004,47550,39881771.0,0.19,0.04
2026-01-21 13:40:00,8.388,8.398,8.403,8.384,0.14,0.012,48742,40931325.0,0.23,0.04
2026-01-21 13:45:00,8.399,8.408,8.412,8.398,0.12,0.01,44906,37742596.0,0.17,0.04
2026-01-21 13:50:00,8.408,8.413,8.416,8.403,0.06,0.005,46247,38895253.0,0.15,0.04
2026-01-21 13:55:00,8.412,8.417,8.424,8.41,0.05,0.004,69167,58217101.0,0.17,0.06
2026-01-21 14:00:00,8.417,8.42,8.423,8.411,0.04,0.003,47270,39791047.0,0.14,0.04
2026-01-21 14:05:00,8.421,8.42,8.428,8.414,0.0,0.0,105066,88491060.0,0.17,0.09
2026-01-21 14:10:00,8.421,8.425,8.43,8.419,0.06,0.005,130589,110009595.0,0.13,0.11
2026-01-21 14:15:00,8.428,8.423,8.429,8.42,-0.02,-0.002,72366,60966001.0,0.11,0.06
2026-01-21 14:20:00,8.421,8.414,8.428,8.412,-0.11,-0.009,172214,145078469.0,0.19,0.15
2026-01-21 14:25:00,8.416,8.413,8.422,8.404,-0.01,-0.001,184133,154912960.0,0.21,0.16
2026-01-21 14:30:00,8.412,8.415,8.416,8.405,0.02,0.002,160447,134948387.0,0.13,0.14
2026-01-21 14:35:00,8.415,8.419,8.422,8.412,0.05,0.004,101275,85250483.0,0.12,0.09
2026-01-21 14:40:00,8.417,8.421,8.426,8.412,0.02,0.002,91267,76861017.0,0.17,0.08
2026-01-21 14:45:00,8.42,8.414,8.42,8.413,-0.08,-0.007,130637,109946748.0,0.08,0.11
2026-01-21 14:50:00,8.414,8.422,8.425,8.412,0.1,0.008,153458,129200397.0,0.15,0.13
2026-01-21 14:55:00,8.422,8.419,8.425,8.418,-0.04,-0.003,166785,140463820.0,0.08,0.14
2026-01-21 15:00:00,8.42,8.432,8.435,8.415,0.15,0.013,221977,186944285.0,0.24,0.19
2026-01-22 09:35:00,8.46,8.462,8.496,8.435,0.36,0.03,344842,292130466.0,0.72,0.3
2026-01-22 09:40:00,8.455,8.445,8.477,8.439,-0.2,-0.017,147264,124566104.0,0.45,0.13
2026-01-22 09:45:00,8.449,8.456,8.458,8.441,0.13,0.011,148462,125426801.0,0.2,0.13
2026-01-22 09:50:00,8.456,8.456,8.459,8.441,0.0,0.0,106918,90359256.0,0.21,0.09
2026-01-22 09:55:00,8.457,8.442,8.459,8.442,-0.17,-0.014,170801,144345283.0,0.2,0.15
2026-01-22 10:00:00,8.443,8.454,8.467,8.438,0.14,0.012,145710,123152445.0,0.34,0.13
2026-01-22 10:05:00,8.453,8.427,8.453,8.425,-0.32,-0.027,107782,90944400.0,0.33,0.09
2026-01-22 10:10:00,8.426,8.444,8.452,8.419,0.2,0.017,121723,102701002.0,0.39,0.11
2026-01-22 10:15:00,8.444,8.442,8.465,8.44,-0.02,-0.002,92045,77826260.0,0.3,0.08
2026-01-22 10:20:00,8.441,8.429,8.441,8.427,-0.15,-0.013,112458,94834020.0,0.17,0.1
2026-01-22 10:25:00,8.428,8.443,8.445,8.428,0.17,0.014,111665,94222282.0,0.2,0.1
2026-01-22 10:30:00,8.443,8.444,8.452,8.437,0.01,0.001,104626,88350859.0,0.18,0.09
2026-01-22 10:35:00,8.444,8.453,8.453,8.433,0.11,0.009,172337,145445874.0,0.24,0.15
2026-01-22 10:40:00,8.453,8.449,8.455,8.448,-0.05,-0.004,111032,93838094.0,0.08,0.1
2026-01-22 10:45:00,8.449,8.444,8.454,8.44,-0.06,-0.005,94632,79937634.0,0.17,0.08
2026-01-22 10:50:00,8.444,8.433,8.445,8.43,-0.13,-0.011,84414,71235665.0,0.18,0.07
2026-01-22 10:55:00,8.433,8.441,8.444,8.43,0.09,0.008,35632,30059765.0,0.17,0.03
2026-01-22 11:00:00,8.44,8.444,8.445,8.44,0.04,0.003,59066,49869282.0,0.06,0.05
2026-01-22 11:05:00,8.443,8.437,8.448,8.434,-0.08,-0.007,67530,57015638.0,0.17,0.06
2026-01-22 11:10:00,8.44,8.442,8.448,8.432,0.06,0.005,58675,49511184.0,0.19,0.05
2026-01-22 11:15:00,8.443,8.432,8.446,8.425,-0.12,-0.01,161746,136479556.0,0.25,0.14
2026-01-22 11:20:00,8.432,8.428,8.432,8.418,-0.05,-0.004,106058,89351284.0,0.17,0.09
2026-01-22 11:25:00,8.428,8.427,8.431,8.417,-0.01,-0.001,58889,49613291.0,0.17,0.05
2026-01-22 11:30:00,8.427,8.422,8.431,8.419,-0.06,-0.005,46302,39016038.0,0.14,0.04
2026-01-22 13:05:00,8.422,8.417,8.422,8.404,-0.06,-0.005,100550,84583607.0,0.21,0.09
2026-01-22 13:10:00,8.418,8.426,8.427,8.411,0.11,0.009,64716,54485890.0,0.19,0.06
2026-01-22 13:15:00,8.425,8.436,8.436,8.419,0.12,0.01,71476,60226678.0,0.2,0.06
2026-01-22 13:20:00,8.436,8.422,8.442,8.422,-0.17,-0.014,79250,66854125.0,0.24,0.07
2026-01-22 13:25:00,8.421,8.417,8.425,8.417,-0.06,-0.005,126254,106310289.0,0.09,0.11
2026-01-22 13:30:00,8.416,8.422,8.424,8.416,0.06,0.005,155386,130817257.0,0.1,0.13
2026-01-22 13:35:00,8.422,8.434,8.435,8.42,0.14,0.012,76258,64278335.0,0.18,0.07
2026-01-22 13:40:00,8.432,8.439,8.439,8.43,0.06,0.005,84651,71399080.0,0.11,0.07
2026-01-22 13:45:00,8.439,8.43,8.439,8.425,-0.11,-0.009,57135,48174560.0,0.17,0.05
2026-01-22 13:50:00,8.43,8.438,8.438,8.429,0.09,0.008,98110,82736829.0,0.11,0.08
2026-01-22 13:55:00,8.438,8.434,8.439,8.432,-0.05,-0.004,67943,57317885.0,0.08,0.06
2026-01-22 14:00:00,8.433,8.437,8.437,8.432,0.04,0.003,47786,40307920.0,0.06,0.04
2026-01-22 14:05:00,8.438,8.445,8.446,8.438,0.09,0.008,105064,88701812.0,0.09,0.09
2026-01-22 14:10:00,8.446,8.447,8.447,8.437,0.02,0.002,37168,31377300.0,0.12,0.03
2026-01-22 14:15:00,8.447,8.437,8.452,8.431,-0.12,-0.01,130993,110571994.0,0.25,0.11
2026-01-22 14:20:00,8.437,8.442,8.446,8.433,0.06,0.005,61787,52149896.0,0.15,0.05
2026-01-22 14:25:00,8.444,8.439,8.447,8.436,-0.04,-0.003,56958,48087047.0,0.13,0.05
2026-01-22 14:30:00,8.441,8.439,8.443,8.435,0.0,0.0,37028,31247230.0,0.09,0.03
2026-01-22 14:35:00,8.437,8.435,8.441,8.429,-0.05,-0.004,70673,59613050.0,0.14,0.06
2026-01-22 14:40:00,8.435,8.442,8.442,8.432,0.08,0.007,36371,30679831.0,0.12,0.03
2026-01-22 14:45:00,8.442,8.447,8.448,8.44,0.06,0.005,127677,107817507.0,0.09,0.11
2026-01-22 14:50:00,8.447,8.448,8.449,8.442,0.01,0.001,60822,51365425.0,0.08,0.05
2026-01-22 14:55:00,8.447,8.455,8.458,8.446,0.08,0.007,144185,121865251.0,0.14,0.12
2026-01-22 15:00:00,8.457,8.469,8.473,8.457,0.17,0.014,139718,118254905.0,0.19,0.12
2026-01-23 09:35:00,8.505,8.548,8.553,8.493,0.93,0.079,297974,253724517.0,0.71,0.26
2026-01-23 09:40:00,8.548,8.55,8.554,8.538,0.02,0.002,173728,148464202.0,0.19,0.15
2026-01-23 09:45:00,8.55,8.54,8.55,8.527,-0.12,-0.01,139102,118777347.0,0.27,0.12
2026-01-23 09:50:00,8.537,8.557,8.557,8.531,0.2,0.017,140631,120124372.0,0.3,0.12
2026-01-23 09:55:00,8.556,8.563,8.566,8.555,0.07,0.006,181218,155131048.0,0.13,0.16
2026-01-23 10:00:00,8.563,8.572,8.572,8.559,0.11,0.009,142101,121742861.0,0.15,0.12
2026-01-23 10:05:00,8.572,8.59,8.594,8.572,0.21,0.018,111673,95860035.0,0.26,0.1
2026-01-23 10:10:00,8.589,8.595,8.601,8.586,0.06,0.005,185506,159422933.0,0.17,0.16
2026-01-23 10:15:00,8.597,8.605,8.607,8.588,0.12,0.01,165871,142619064.0,0.22,0.14
2026-01-23 10:20:00,8.604,8.59,8.604,8.575,-0.17,-0.015,167971,144245412.0,0.34,0.15
2026-01-23 10:25:00,8.59,8.588,8.596,8.578,-0.02,-0.002,190079,163175139.0,0.21,0.16
2026-01-23 10:30:00,8.588,8.58,8.594,8.575,-0.09,-0.008,218177,187335127.0,0.22,0.19
2026-01-23 10:35:00,8.58,8.585,8.589,8.569,0.06,0.005,150963,129511720.0,0.23,0.13
2026-01-23 10:40:00,8.585,8.602,8.603,8.58,0.2,0.017,88851,76332106.0,0.27,0.08
2026-01-23 10:45:00,8.602,8.606,8.61,8.6,0.05,0.004,100084,86115239.0,0.12,0.09
2026-01-23 10:50:00,8.605,8.602,8.608,8.602,-0.05,-0.004,49146,42293001.0,0.07,0.04
2026-01-23 10:55:00,8.601,8.603,8.604,8.594,0.01,0.001,81631,70199100.0,0.12,0.07
2026-01-23 11:00:00,8.601,8.596,8.603,8.591,-0.08,-0.007,98407,84612587.0,0.14,0.09
2026-01-23 11:05:00,8.595,8.607,8.61,8.592,0.13,0.011,131723,113299083.0,0.21,0.11
2026-01-23 11:10:00,8.607,8.623,8.623,8.607,0.19,0.016,133189,114713881.0,0.19,0.12
2026-01-23 11:15:00,8.622,8.598,8.622,8.597,-0.29,-0.025,150167,129239933.0,0.29,0.13
2026-01-23 11:20:00,8.597,8.604,8.611,8.595,0.07,0.006,118989,102374324.0,0.19,0.1
2026-01-23 11:25:00,8.605,8.605,8.611,8.599,0.01,0.001,93670,80601522.0,0.14,0.08
2026-01-23 11:30:00,8.606,8.608,8.61,8.602,0.03,0.003,55286,47580348.0,0.09,0.05
2026-01-23 13:05:00,8.605,8.62,8.621,8.603,0.14,0.012,136285,117369899.0,0.21,0.12
2026-01-23 13:10:00,8.62,8.629,8.629,8.618,0.1,0.009,71482,61627620.0,0.13,0.06
2026-01-23 13:15:00,8.628,8.635,8.64,8.628,0.07,0.006,76079,65688770.0,0.14,0.07
2026-01-23 13:20:00,8.634,8.646,8.647,8.63,0.13,0.011,55466,47893052.0,0.2,0.05
2026-01-23 13:25:00,8.644,8.64,8.656,8.638,-0.07,-0.006,124466,107596316.0,0.21,0.11
2026-01-23 13:30:00,8.641,8.645,8.645,8.635,0.06,0.005,125588,108506934.0,0.12,0.11
2026-01-23 13:35:00,8.644,8.657,8.658,8.642,0.14,0.012,130755,113089490.0,0.19,0.11
2026-01-23 13:40:00,8.656,8.653,8.663,8.652,-0.05,-0.004,131452,113776869.0,0.13,0.11
2026-01-23 13:45:00,8.652,8.653,8.659,8.649,0.0,0.0,50097,43349605.0,0.12,0.04
2026-01-23 13:50:00,8.653,8.66,8.661,8.653,0.08,0.007,84420,73087749.0,0.09,0.07
2026-01-23 13:55:00,8.66,8.675,8.675,8.657,0.17,0.015,80504,69791729.0,0.21,0.07
2026-01-23 14:00:00,8.676,8.672,8.677,8.666,-0.03,-0.003,121089,105010692.0,0.13,0.1
2026-01-23 14:05:00,8.671,8.676,8.678,8.663,0.05,0.004,146090,126645370.0,0.17,0.13
2026-01-23 14:10:00,8.677,8.668,8.688,8.668,-0.09,-0.008,225706,195926496.0,0.23,0.2
2026-01-23 14:15:00,8.669,8.68,8.682,8.668,0.14,0.012,196826,170759071.0,0.16,0.17
2026-01-23 14:20:00,8.68,8.686,8.689,8.679,0.07,0.006,135847,117969869.0,0.12,0.12
2026-01-23 14:25:00,8.685,8.685,8.686,8.681,-0.01,-0.001,162574,141178030.0,0.06,0.14
2026-01-23 14:30:00,8.685,8.673,8.685,8.672,-0.14,-0.012,78250,67922287.0,0.15,0.07
2026-01-23 14:35:00,8.672,8.67,8.679,8.67,-0.03,-0.003,175113,151901711.0,0.1,0.15
2026-01-23 14:40:00,8.669,8.672,8.681,8.669,0.02,0.002,163581,141876529.0,0.14,0.14
2026-01-23 14:45:00,8.672,8.683,8.684,8.672,0.13,0.011,178111,154588766.0,0.14,0.15
2026-01-23 14:50:00,8.682,8.688,8.69,8.682,0.06,0.005,154004,133761681.0,0.09,0.13
2026-01-23 14:55:00,8.689,8.692,8.693,8.686,0.05,0.004,274579,238578146.0,0.08,0.24
2026-01-23 15:00:00,8.692,8.719,8.725,8.692,0.31,0.027,248956,216784811.0,0.38,0.22
2026-01-26 09:35:00,8.763,8.737,8.787,8.735,0.21,0.018,715814,627298633.0,0.6,0.62
2026-01-26 09:40:00,8.74,8.719,8.758,8.696,-0.21,-0.018,291815,254668643.0,0.71,0.25
2026-01-26 09:45:00,8.715,8.661,8.733,8.657,-0.67,-0.058,349500,303946975.0,0.87,0.3
2026-01-26 09:50:00,8.657,8.65,8.666,8.634,-0.13,-0.011,530001,458354022.0,0.37,0.46
2026-01-26 09:55:00,8.651,8.6,8.657,8.593,-0.58,-0.05,609617,525075620.0,0.74,0.53
2026-01-26 10:00:00,8.598,8.617,8.62,8.59,0.2,0.017,285718,245842739.0,0.35,0.25
2026-01-26 10:05:00,8.616,8.621,8.625,8.598,0.05,0.004,526754,453534724.0,0.31,0.46
2026-01-26 10:10:00,8.621,8.624,8.624,8.605,0.03,0.003,766220,660158042.0,0.22,0.66
2026-01-26 10:15:00,8.624,8.605,8.635,8.605,-0.22,-0.019,601971,518844092.0,0.35,0.52
2026-01-26 10:20:00,8.605,8.597,8.61,8.584,-0.09,-0.008,781043,671335023.0,0.3,0.67
2026-01-26 10:25:00,8.599,8.599,8.608,8.588,0.02,0.002,287253,246894998.0,0.23,0.25
2026-01-26 10:30:00,8.599,8.596,8.616,8.595,-0.03,-0.003,187726,161516433.0,0.24,0.16
2026-01-26 10:35:00,8.596,8.599,8.605,8.589,0.03,0.003,508241,436875197.0,0.19,0.44
2026-01-26 10:40:00,8.6,8.612,8.625,8.6,0.15,0.013,180565,155580693.0,0.29,0.16
2026-01-26 10:45:00,8.613,8.598,8.615,8.598,-0.16,-0.014,158824,136716087.0,0.2,0.14
2026-01-26 10:50:00,8.597,8.597,8.6,8.588,-0.01,-0.001,464099,398895219.0,0.14,0.4
2026-01-26 10:55:00,8.597,8.605,8.614,8.593,0.09,0.008,343101,295267705.0,0.24,0.3
2026-01-26 11:00:00,8.604,8.566,8.604,8.56,-0.45,-0.039,1271576,1090752934.0,0.51,1.1
2026-01-26 11:05:00,8.563,8.573,8.573,8.55,0.08,0.007,342912,293530610.0,0.27,0.3
2026-01-26 11:10:00,8.573,8.575,8.579,8.563,0.02,0.002,347914,298270029.0,0.19,0.3
2026-01-26 11:15:00,8.576,8.598,8.598,8.575,0.27,0.023,515700,442889285.0,0.27,0.45
2026-01-26 11:20:00,8.598,8.598,8.6,8.584,0.0,0.0,211623,181904851.0,0.19,0.18
2026-01-26 11:25:00,8.596,8.595,8.599,8.586,-0.03,-0.003,132580,113903036.0,0.15,0.11
2026-01-26 11:30:00,8.595,8.591,8.605,8.588,-0.05,-0.004,148010,127266844.0,0.2,0.13
2026-01-26 13:05:00,8.59,8.601,8.601,8.587,0.12,0.01,228791,196561450.0,0.16,0.2
2026-01-26 13:10:00,8.601,8.59,8.602,8.59,-0.13,-0.011,110071,94605600.0,0.14,0.1
2026-01-26 13:15:00,8.589,8.578,8.589,8.574,-0.14,-0.012,271879,233249791.0,0.17,0.23
2026-01-26 13:20:00,8.579,8.567,8.585,8.567,-0.13,-0.011,447948,384214648.0,0.21,0.39
2026-01-26 13:25:00,8.567,8.567,8.576,8.567,0.0,0.0,385553,330494608.0,0.11,0.33
2026-01-26 13:30:00,8.566,8.556,8.566,8.554,-0.13,-0.011,445058,380847951.0,0.14,0.38
2026-01-26 13:35:00,8.555,8.541,8.556,8.535,-0.18,-0.015,535262,457284951.0,0.25,0.46
2026-01-26 13:40:00,8.541,8.545,8.545,8.536,0.05,0.004,463674,395996766.0,0.11,0.4
2026-01-26 13:45:00,8.546,8.531,8.546,8.529,-0.16,-0.014,308606,263552249.0,0.2,0.27
2026-01-26 13:50:00,8.526,8.542,8.543,8.517,0.13,0.011,240358,204929517.0,0.3,0.21
2026-01-26 13:55:00,8.542,8.547,8.561,8.542,0.06,0.005,350467,299721119.0,0.22,0.3
2026-01-26 14:00:00,8.547,8.552,8.56,8.543,0.06,0.005,256507,219341832.0,0.2,0.22
2026-01-26 14:05:00,8.552,8.537,8.552,8.536,-0.18,-0.015,173692,148407530.0,0.19,0.15
2026-01-26 14:10:00,8.537,8.55,8.556,8.536,0.15,0.013,73066,62410091.0,0.23,0.06
2026-01-26 14:15:00,8.552,8.55,8.558,8.549,0.0,0.0,171626,146801036.0,0.11,0.15
2026-01-26 14:20:00,8.55,8.556,8.563,8.545,0.07,0.006,73812,63119900.0,0.21,0.06
2026-01-26 14:25:00,8.561,8.588,8.588,8.557,0.37,0.032,75506,64693436.0,0.36,0.07
2026-01-26 14:30:00,8.589,8.588,8.593,8.585,0.0,0.0,40937,35156094.0,0.09,0.04
2026-01-26 14:35:00,8.586,8.597,8.608,8.586,0.1,0.009,98479,84643186.0,0.26,0.09
2026-01-26 14:40:00,8.594,8.585,8.596,8.581,-0.14,-0.012,555185,476828445.0,0.17,0.48
2026-01-26 14:45:00,8.585,8.596,8.596,8.585,0.13,0.011,65574,56341522.0,0.13,0.06
2026-01-26 14:50:00,8.597,8.594,8.602,8.591,-0.02,-0.002,98684,84829569.0,0.13,0.09
2026-01-26 14:55:00,8.595,8.575,8.597,8.575,-0.22,-0.019,191704,164623224.0,0.26,0.17
2026-01-26 15:00:00,8.576,8.564,8.581,8.562,-0.13,-0.011,446247,382417704.0,0.22,0.39
2026-01-27 09:35:00,8.542,8.57,8.594,8.535,0.07,0.006,400917,343616686.0,0.69,0.35
2026-01-27 09:40:00,8.57,8.509,8.583,8.508,-0.71,-0.061,460559,393469048.0,0.88,0.4
2026-01-27 09:45:00,8.508,8.49,8.514,8.48,-0.22,-0.019,832468,707219612.0,0.4,0.72
2026-01-27 09:50:00,8.49,8.48,8.501,8.468,-0.12,-0.01,334920,284098253.0,0.39,0.29
2026-01-27 09:55:00,8.479,8.475,8.498,8.475,-0.06,-0.005,429818,364692835.0,0.27,0.37
2026-01-27 10:00:00,8.475,8.441,8.475,8.441,-0.4,-0.034,380557,321848381.0,0.4,0.33
2026-01-27 10:05:00,8.441,8.47,8.47,8.437,0.34,0.029,271181,229143318.0,0.39,0.23
2026-01-27 10:10:00,8.473,8.477,8.481,8.466,0.08,0.007,278931,236376298.0,0.18,0.24
2026-01-27 10:15:00,8.478,8.501,8.503,8.475,0.28,0.024,219524,186441938.0,0.33,0.19
2026-01-27 10:20:00,8.5,8.504,8.51,8.491,0.04,0.003,178031,151320408.0,0.22,0.15
2026-01-27 10:25:00,8.505,8.499,8.52,8.497,-0.06,-0.005,181793,154626772.0,0.27,0.16
2026-01-27 10:30:00,8.499,8.48,8.499,8.478,-0.22,-0.019,340400,288943265.0,0.25,0.29
2026-01-27 10:35:00,8.48,8.504,8.513,8.478,0.28,0.024,283616,240976342.0,0.41,0.25
2026-01-27 10:40:00,8.504,8.529,8.538,8.504,0.29,0.025,164176,139798286.0,0.4,0.14
2026-01-27 10:45:00,8.527,8.545,8.548,8.527,0.19,0.016,156338,133515685.0,0.25,0.14
2026-01-27 10:50:00,8.544,8.527,8.551,8.527,-0.21,-0.018,129235,110352266.0,0.28,0.11
2026-01-27 10:55:00,8.528,8.5,8.535,8.497,-0.32,-0.027,289422,246530154.0,0.45,0.25
2026-01-27 11:00:00,8.501,8.522,8.523,8.5,0.26,0.022,193585,164728337.0,0.27,0.17
2026-01-27 11:05:00,8.522,8.519,8.53,8.511,-0.04,-0.003,144483,123072753.0,0.22,0.12
2026-01-27 11:10:00,8.519,8.527,8.527,8.516,0.09,0.008,73048,62246606.0,0.13,0.06
2026-01-27 11:15:00,8.526,8.505,8.528,8.505,-0.26,-0.022,269566,229671673.0,0.27,0.23
2026-01-27 11:20:00,8.504,8.512,8.525,8.504,0.08,0.007,44646,38002297.0,0.25,0.04
2026-01-27 11:25:00,8.516,8.51,8.519,8.51,-0.02,-0.002,40134,34172748.0,0.11,0.03
2026-01-27 11:30:00,8.51,8.518,8.52,8.509,0.09,0.008,32853,27973503.0,0.13,0.03
2026-01-27 13:05:00,8.518,8.524,8.531,8.515,0.07,0.006,67373,57426368.0,0.19,0.06
2026-01-27 13:10:00,8.522,8.538,8.54,8.522,0.16,0.014,24277,20716225.0,0.21,0.02
2026-01-27 13:15:00,8.538,8.563,8.565,8.537,0.29,0.025,77794,66514874.0,0.33,0.07
2026-01-27 13:20:00,8.564,8.571,8.577,8.56,0.09,0.008,66689,57138382.0,0.2,0.06
2026-01-27 13:25:00,8.572,8.565,8.574,8.549,-0.07,-0.006,73510,62950907.0,0.29,0.06
2026-01-27 13:30:00,8.561,8.557,8.568,8.551,-0.09,-0.008,98929,84656498.0,0.2,0.09
2026-01-27 13:35:00,8.559,8.572,8.572,8.551,0.18,0.015,144850,123968698.0,0.25,0.13
2026-01-27 13:40:00,8.572,8.561,8.579,8.553,-0.13,-0.011,116350,99659558.0,0.3,0.1
2026-01-27 13:45:00,8.561,8.592,8.597,8.561,0.36,0.031,452083,388080443.0,0.42,0.39
2026-01-27 13:50:00,8.593,8.639,8.645,8.593,0.55,0.047,811706,699497756.0,0.61,0.7
2026-01-27 13:55:00,8.638,8.635,8.65,8.631,-0.05,-0.004,783229,676867749.0,0.22,0.68
2026-01-27 14:00:00,8.635,8.65,8.664,8.634,0.17,0.015,724064,626349459.0,0.35,0.63
2026-01-27 14:05:00,8.65,8.647,8.67,8.646,-0.03,-0.003,462543,400570830.0,0.28,0.4
2026-01-27 14:10:00,8.647,8.644,8.66,8.641,-0.03,-0.003,182263,157704290.0,0.22,0.16
2026-01-27 14:15:00,8.642,8.64,8.651,8.623,-0.05,-0.004,288595,249297706.0,0.32,0.25
2026-01-27 14:20:00,8.64,8.619,8.64,8.619,-0.24,-0.021,413536,356752143.0,0.24,0.36
2026-01-27 14:25:00,8.619,8.616,8.629,8.608,-0.03,-0.003,1058639,911844292.0,0.24,0.91
2026-01-27 14:30:00,8.611,8.625,8.625,8.611,0.1,0.009,939513,809536679.0,0.16,0.81
2026-01-27 14:35:00,8.623,8.616,8.632,8.609,-0.1,-0.009,532329,458869379.0,0.27,0.46
2026-01-27 14:40:00,8.61,8.605,8.624,8.594,-0.13,-0.011,775782,667337568.0,0.35,0.67
2026-01-27 14:45:00,8.606,8.631,8.631,8.604,0.3,0.026,91542,78844165.0,0.31,0.08
2026-01-27 14:50:00,8.63,8.627,8.633,8.62,-0.05,-0.004,104800,90402283.0,0.15,0.09
2026-01-27 14:55:00,8.627,8.628,8.629,8.616,0.01,0.001,151991,131077914.0,0.15,0.13
2026-01-27 15:00:00,8.629,8.619,8.633,8.618,-0.1,-0.009,173923,150002902.0,0.17,0.15
2026-01-28 09:35:00,8.645,8.645,8.661,8.618,0.3,0.026,342866,296287404.0,0.5,0.3
2026-01-28 09:40:00,8.643,8.641,8.66,8.63,-0.05,-0.004,525809,454472140.0,0.35,0.45
2026-01-28 09:45:00,8.641,8.637,8.641,8.623,-0.05,-0.004,1649407,1423767113.0,0.21,1.43
2026-01-28 09:50:00,8.636,8.615,8.636,8.603,-0.25,-0.022,1324618,1141836175.0,0.38,1.14
2026-01-28 09:55:00,8.613,8.605,8.621,8.598,-0.12,-0.01,442486,380896525.0,0.27,0.38
2026-01-28 10:00:00,8.605,8.608,8.618,8.597,0.03,0.003,309767,266648099.0,0.24,0.27
2026-01-28 10:05:00,8.605,8.612,8.618,8.598,0.05,0.004,369410,317908553.0,0.23,0.32
2026-01-28 10:10:00,8.612,8.606,8.622,8.596,-0.07,-0.006,395930,340799804.0,0.3,0.34
2026-01-28 10:15:00,8.608,8.604,8.616,8.601,-0.02,-0.002,269627,232080025.0,0.17,0.23
2026-01-28 10:20:00,8.605,8.624,8.624,8.601,0.23,0.02,203639,175371999.0,0.27,0.18
2026-01-28 10:25:00,8.624,8.619,8.634,8.617,-0.06,-0.005,204372,176237609.0,0.2,0.18
2026-01-28 10:30:00,8.62,8.624,8.634,8.615,0.06,0.005,67816,58484811.0,0.22,0.06
2026-01-28 10:35:00,8.624,8.634,8.65,8.621,0.12,0.01,97245,84002078.0,0.34,0.08
2026-01-28 10:40:00,8.634,8.62,8.638,8.619,-0.16,-0.014,146552,126446751.0,0.22,0.13
2026-01-28 10:45:00,8.62,8.63,8.64,8.62,0.12,0.01,469532,405066364.0,0.23,0.41
2026-01-28 10:50:00,8.631,8.63,8.637,8.62,0.0,0.0,1245684,1074444291.0,0.2,1.08
2026-01-28 10:55:00,8.629,8.618,8.629,8.618,-0.14,-0.012,213031,183696859.0,0.13,0.18
2026-01-28 11:00:00,8.615,8.605,8.625,8.605,-0.15,-0.013,1128010,971557650.0,0.23,0.97
2026-01-28 11:05:00,8.605,8.609,8.618,8.595,0.05,0.004,1521674,1309216113.0,0.27,1.31
2026-01-28 11:10:00,8.609,8.622,8.622,8.603,0.15,0.013,136943,117957790.0,0.22,0.12
2026-01-28 11:15:00,8.622,8.631,8.632,8.622,0.1,0.009,168205,145135856.0,0.12,0.15
2026-01-28 11:20:00,8.63,8.639,8.641,8.629,0.09,0.008,114956,99272741.0,0.14,0.1
2026-01-28 11:25:00,8.639,8.646,8.646,8.636,0.08,0.007,140715,121580030.0,0.12,0.12
2026-01-28 11:30:00,8.646,8.664,8.666,8.646,0.21,0.018,73411,63557571.0,0.23,0.06
2026-01-28 13:05:00,8.665,8.662,8.667,8.65,-0.02,-0.002,73683,63814840.0,0.2,0.06
2026-01-28 13:10:00,8.662,8.688,8.699,8.661,0.3,0.026,202558,175890080.0,0.44,0.18
2026-01-28 13:15:00,8.687,8.676,8.711,8.673,-0.14,-0.012,470287,408293893.0,0.44,0.41
2026-01-28 13:20:00,8.679,8.648,8.679,8.637,-0.32,-0.028,3613335,3125679754.0,0.48,3.12
2026-01-28 13:25:00,8.649,8.634,8.653,8.627,-0.16,-0.014,1103418,953221925.0,0.3,0.95
2026-01-28 13:30:00,8.634,8.635,8.647,8.634,0.01,0.001,593018,512299288.0,0.15,0.51
2026-01-28 13:35:00,8.634,8.64,8.651,8.631,0.06,0.005,376782,325472476.0,0.23,0.33
2026-01-28 13:40:00,8.641,8.646,8.649,8.636,0.07,0.006,62921,54379653.0,0.15,0.05
2026-01-28 13:45:00,8.648,8.647,8.651,8.645,0.01,0.001,106320,91937239.0,0.07,0.09
2026-01-28 13:50:00,8.647,8.65,8.654,8.646,0.03,0.003,100192,86666771.0,0.09,0.09
2026-01-28 13:55:00,8.65,8.643,8.654,8.642,-0.08,-0.007,261222,225921694.0,0.14,0.23
2026-01-28 14:00:00,8.643,8.643,8.649,8.641,0.0,0.0,153102,132345181.0,0.09,0.13
2026-01-28 14:05:00,8.642,8.65,8.656,8.639,0.08,0.007,93343,80723375.0,0.2,0.08
2026-01-28 14:10:00,8.651,8.654,8.657,8.648,0.05,0.004,100698,87137792.0,0.1,0.09
2026-01-28 14:15:00,8.654,8.673,8.675,8.654,0.22,0.019,77151,66821807.0,0.24,0.07
2026-01-28 14:20:00,8.672,8.668,8.675,8.665,-0.06,-0.005,35093,30428981.0,0.12,0.03
2026-01-28 14:25:00,8.668,8.682,8.682,8.668,0.16,0.014,37442,32486221.0,0.16,0.03
2026-01-28 14:30:00,8.681,8.683,8.688,8.673,0.01,0.001,68482,59443707.0,0.17,0.06
2026-01-28 14:35:00,8.681,8.696,8.702,8.676,0.15,0.013,101428,88134375.0,0.3,0.09
2026-01-28 14:40:00,8.697,8.658,8.72,8.658,-0.44,-0.038,3441414,2983337966.0,0.71,2.97
2026-01-28 14:45:00,8.659,8.678,8.679,8.654,0.23,0.02,2073267,1795313326.0,0.29,1.79
2026-01-28 14:50:00,8.672,8.684,8.685,8.672,0.07,0.006,158727,137746363.0,0.15,0.14
2026-01-28 14:55:00,8.683,8.688,8.691,8.68,0.05,0.004,139568,121211307.0,0.13,0.12
2026-01-28 15:00:00,8.689,8.691,8.696,8.686,0.03,0.003,169309,147159233.0,0.12,0.15
2026-01-29 09:35:00,8.661,8.676,8.687,8.642,-0.17,-0.015,264160,228862018.0,0.52,0.23
2026-01-29 09:40:00,8.678,8.74,8.747,8.662,0.74,0.064,282597,245818956.0,0.98,0.24
2026-01-29 09:45:00,8.738,8.746,8.752,8.723,0.07,0.006,379504,331676055.0,0.33,0.33
2026-01-29 09:50:00,8.747,8.727,8.754,8.706,-0.22,-0.019,599120,522565906.0,0.55,0.52
2026-01-29 09:55:00,8.724,8.74,8.742,8.718,0.15,0.013,205616,179476322.0,0.28,0.18
2026-01-29 10:00:00,8.741,8.739,8.749,8.72,-0.01,-0.001,153187,133781839.0,0.33,0.13
2026-01-29 10:05:00,8.738,8.709,8.743,8.709,-0.34,-0.03,127818,111526139.0,0.39,0.11
2026-01-29 10:10:00,8.702,8.703,8.703,8.683,-0.07,-0.006,206055,179218639.0,0.23,0.18
2026-01-29 10:15:00,8.703,8.701,8.721,8.701,-0.02,-0.002,278962,243004023.0,0.23,0.24
2026-01-29 10:20:00,8.701,8.676,8.704,8.67,-0.29,-0.025,141219,122631711.0,0.39,0.12
2026-01-29 10:25:00,8.677,8.668,8.687,8.662,-0.09,-0.008,134820,116955382.0,0.29,0.12
2026-01-29 10:30:00,8.67,8.664,8.683,8.664,-0.05,-0.004,83944,72798370.0,0.22,0.07
2026-01-29 10:35:00,8.663,8.677,8.683,8.661,0.15,0.013,105801,91759916.0,0.25,0.09
2026-01-29 10:40:00,8.674,8.682,8.687,8.67,0.06,0.005,55079,47806641.0,0.2,0.05
2026-01-29 10:45:00,8.682,8.704,8.706,8.682,0.25,0.022,51782,45025418.0,0.28,0.04
2026-01-29 10:50:00,8.705,8.705,8.714,8.704,0.01,0.001,59183,51538358.0,0.11,0.05
2026-01-29 10:55:00,8.708,8.712,8.717,8.697,0.08,0.007,93493,81405088.0,0.23,0.08
2026-01-29 11:00:00,8.713,8.72,8.722,8.713,0.09,0.008,180900,157699490.0,0.1,0.16
2026-01-29 11:05:00,8.722,8.707,8.725,8.707,-0.15,-0.013,316936,276151244.0,0.21,0.27
2026-01-29 11:10:00,8.706,8.687,8.718,8.685,-0.23,-0.02,360354,313500972.0,0.38,0.31
2026-01-29 11:15:00,8.687,8.692,8.692,8.681,0.06,0.005,492977,428146431.0,0.13,0.43
2026-01-29 11:20:00,8.691,8.686,8.698,8.679,-0.07,-0.006,310077,269340140.0,0.22,0.27
2026-01-29 11:25:00,8.689,8.682,8.7,8.682,-0.05,-0.004,133298,115846657.0,0.21,0.12
2026-01-29 11:30:00,8.681,8.677,8.683,8.673,-0.06,-0.005,401949,348769753.0,0.12,0.35
2026-01-29 13:05:00,8.677,8.683,8.695,8.676,0.07,0.006,394114,342148981.0,0.22,0.34
2026-01-29 13:10:00,8.686,8.694,8.699,8.684,0.13,0.011,559648,486481999.0,0.17,0.48
2026-01-29 13:15:00,8.695,8.683,8.696,8.674,-0.13,-0.011,173597,150743726.0,0.25,0.15
2026-01-29 13:20:00,8.682,8.675,8.69,8.672,-0.09,-0.008,233769,202820543.0,0.21,0.2
2026-01-29 13:25:00,8.675,8.665,8.683,8.664,-0.12,-0.01,219681,190506195.0,0.22,0.19
2026-01-29 13:30:00,8.665,8.626,8.665,8.625,-0.45,-0.039,790523,683272954.0,0.46,0.68
2026-01-29 13:35:00,8.625,8.641,8.649,8.622,0.17,0.015,205084,176951367.0,0.31,0.18
2026-01-29 13:40:00,8.64,8.653,8.657,8.633,0.14,0.012,52903,45722271.0,0.28,0.05
2026-01-29 13:45:00,8.652,8.64,8.666,8.64,-0.15,-0.013,226338,195786858.0,0.3,0.2
2026-01-29 13:50:00,8.64,8.602,8.641,8.598,-0.44,-0.038,1018781,877760214.0,0.5,0.88
2026-01-29 13:55:00,8.603,8.588,8.606,8.574,-0.16,-0.014,1190463,1022601539.0,0.37,1.03
2026-01-29 14:00:00,8.589,8.592,8.595,8.575,0.05,0.004,1129560,969190044.0,0.23,0.98
2026-01-29 14:05:00,8.591,8.611,8.615,8.583,0.22,0.019,275702,236955297.0,0.37,0.24
2026-01-29 14:10:00,8.61,8.609,8.619,8.601,-0.02,-0.002,99146,85365496.0,0.21,0.09
2026-01-29 14:15:00,8.609,8.579,8.609,8.579,-0.35,-0.03,227468,195366156.0,0.35,0.2
2026-01-29 14:20:00,8.58,8.612,8.617,8.579,0.38,0.033,244058,209779985.0,0.44,0.21
2026-01-29 14:25:00,8.613,8.622,8.63,8.612,0.12,0.01,273535,235772451.0,0.21,0.24
2026-01-29 14:30:00,8.622,8.61,8.64,8.609,-0.14,-0.012,374348,322857461.0,0.36,0.32
2026-01-29 14:35:00,8.61,8.613,8.622,8.6,0.03,0.003,131382,113132597.0,0.26,0.11
2026-01-29 14:40:00,8.612,8.607,8.613,8.601,-0.07,-0.006,79830,68723744.0,0.14,0.07
2026-01-29 14:45:00,8.605,8.612,8.613,8.602,0.06,0.005,81223,69913189.0,0.13,0.07
2026-01-29 14:50:00,8.612,8.594,8.616,8.583,-0.21,-0.018,108428,93232561.0,0.38,0.09
2026-01-29 14:55:00,8.593,8.593,8.609,8.593,-0.01,-0.001,63749,54845891.0,0.19,0.06
2026-01-29 15:00:00,8.594,8.591,8.596,8.589,-0.02,-0.002,162515,139639172.0,0.08,0.14
2026-01-30 09:35:00,8.518,8.524,8.594,8.518,-0.78,-0.067,254036,217243691.0,0.88,0.22
2026-01-30 09:40:00,8.524,8.489,8.524,8.467,-0.41,-0.035,344247,292479595.0,0.67,0.3
2026-01-30 09:45:00,8.486,8.467,8.486,8.451,-0.26,-0.022,438631,371424585.0,0.41,0.38
2026-01-30 09:50:00,8.467,8.476,8.494,8.446,0.11,0.009,369075,312345563.0,0.57,0.32
2026-01-30 09:55:00,8.477,8.417,8.489,8.416,-0.7,-0.059,279773,236285374.0,0.86,0.24
2026-01-30 10:00:00,8.416,8.391,8.422,8.39,-0.31,-0.026,536245,450878598.0,0.38,0.46
2026-01-30 10:05:00,8.392,8.38,8.393,8.358,-0.13,-0.011,549097,459774824.0,0.42,0.47
2026-01-30 10:10:00,8.378,8.406,8.413,8.37,0.31,0.026,359690,301890784.0,0.51,0.31
2026-01-30 10:15:00,8.404,8.375,8.412,8.374,-0.37,-0.031,195893,164451342.0,0.45,0.17
2026-01-30 10:20:00,8.375,8.343,8.375,8.342,-0.38,-0.032,272713,227935086.0,0.39,0.24
2026-01-30 10:25:00,8.343,8.326,8.347,8.315,-0.2,-0.017,507215,422376479.0,0.38,0.44
2026-01-30 10:30:00,8.323,8.301,8.341,8.3,-0.3,-0.025,574418,478175839.0,0.49,0.5
2026-01-30 10:35:00,8.298,8.238,8.314,8.232,-0.76,-0.063,1627794,1345417378.0,0.99,1.41
2026-01-30 10:40:00,8.24,8.348,8.348,8.238,1.34,0.11,684832,568446912.0,1.34,0.59
2026-01-30 10:45:00,8.348,8.363,8.376,8.348,0.18,0.015,360971,301830735.0,0.34,0.31
2026-01-30 10:50:00,8.36,8.377,8.377,8.342,0.17,0.014,357374,298519117.0,0.42,0.31
2026-01-30 10:55:00,8.377,8.339,8.38,8.339,-0.45,-0.038,677150,566083201.0,0.49,0.59
2026-01-30 11:00:00,8.336,8.351,8.353,8.332,0.14,0.012,411955,343565181.0,0.25,0.36
2026-01-30 11:05:00,8.35,8.347,8.38,8.338,-0.05,-0.004,455816,380811741.0,0.5,0.39
2026-01-30 11:10:00,8.346,8.364,8.379,8.344,0.2,0.017,316992,264973778.0,0.42,0.27
2026-01-30 11:15:00,8.367,8.379,8.381,8.352,0.18,0.015,291645,243973994.0,0.35,0.25
2026-01-30 11:20:00,8.381,8.35,8.386,8.347,-0.35,-0.029,351831,294224530.0,0.47,0.3
2026-01-30 11:25:00,8.349,8.378,8.379,8.34,0.34,0.028,164383,137376641.0,0.47,0.14
2026-01-30 11:30:00,8.378,8.374,8.379,8.365,-0.05,-0.004,137779,115357931.0,0.17,0.12
2026-01-30 13:05:00,8.374,8.42,8.42,8.374,0.55,0.046,182182,152950352.0,0.55,0.16
2026-01-30 13:10:00,8.419,8.449,8.449,8.417,0.34,0.029,132594,111761177.0,0.38,0.11
2026-01-30 13:15:00,8.449,8.462,8.463,8.445,0.15,0.013,116076,98123136.0,0.21,0.1
2026-01-30 13:20:00,8.462,8.461,8.467,8.452,-0.01,-0.001,90478,76529107.0,0.18,0.08
2026-01-30 13:25:00,8.461,8.449,8.473,8.446,-0.14,-0.012,63819,53994725.0,0.32,0.06
2026-01-30 13:30:00,8.45,8.467,8.468,8.447,0.21,0.018,112687,95243506.0,0.25,0.1
2026-01-30 13:35:00,8.469,8.45,8.479,8.445,-0.2,-0.017,102750,86957325.0,0.4,0.09
2026-01-30 13:40:00,8.45,8.482,8.487,8.446,0.38,0.032,62539,52939042.0,0.49,0.05
2026-01-30 13:45:00,8.482,8.478,8.483,8.472,-0.05,-0.004,87828,74450687.0,0.13,0.08
2026-01-30 13:50:00,8.478,8.485,8.487,8.466,0.08,0.007,136468,115667265.0,0.25,0.12
2026-01-30 13:55:00,8.486,8.49,8.499,8.481,0.06,0.005,94851,80521019.0,0.21,0.08
2026-01-30 14:00:00,8.486,8.457,8.493,8.457,-0.39,-0.033,175221,148394900.0,0.42,0.15
2026-01-30 14:05:00,8.457,8.472,8.474,8.449,0.18,0.015,114435,96784980.0,0.3,0.1
2026-01-30 14:10:00,8.473,8.462,8.483,8.455,-0.12,-0.01,42221,35739308.0,0.33,0.04
2026-01-30 14:15:00,8.462,8.465,8.469,8.454,0.04,0.003,71265,60284150.0,0.18,0.06
2026-01-30 14:20:00,8.465,8.462,8.465,8.458,-0.04,-0.003,120679,102112144.0,0.08,0.1
2026-01-30 14:25:00,8.462,8.459,8.466,8.458,-0.04,-0.003,60560,51243997.0,0.09,0.05
2026-01-30 14:30:00,8.459,8.437,8.459,8.433,-0.26,-0.022,116720,98500548.0,0.31,0.1
2026-01-30 14:35:00,8.439,8.458,8.46,8.437,0.25,0.021,54774,46279920.0,0.27,0.05
2026-01-30 14:40:00,8.458,8.448,8.46,8.443,-0.12,-0.01,86328,72964774.0,0.2,0.07
2026-01-30 14:45:00,8.448,8.452,8.458,8.445,0.05,0.004,64569,54580664.0,0.15,0.06
2026-01-30 14:50:00,8.45,8.452,8.454,8.44,0.0,0.0,62329,52645732.0,0.17,0.05
2026-01-30 14:55:00,8.452,8.447,8.453,8.446,-0.06,-0.005,56541,47769685.0,0.08,0.05
2026-01-30 15:00:00,8.444,8.44,8.447,8.433,-0.08,-0.007,111308,93961102.0,0.17,0.1
2026-02-02 09:35:00,8.33,8.378,8.4,8.33,-0.73,-0.062,312774,261737656.0,0.83,0.27
2026-02-02 09:40:00,8.378,8.35,8.387,8.347,-0.33,-0.028,154689,129484887.0,0.48,0.13
2026-02-02 09:45:00,8.353,8.332,8.372,8.329,-0.22,-0.018,199903,166857458.0,0.51,0.17
2026-02-02 09:50:00,8.326,8.28,8.326,8.274,-0.62,-0.052,406773,337483939.0,0.62,0.35
2026-02-02 09:55:00,8.278,8.302,8.303,8.273,0.27,0.022,295682,245040053.0,0.36,0.26
2026-02-02 10:00:00,8.302,8.318,8.328,8.302,0.19,0.016,141594,117709347.0,0.31,0.12
2026-02-02 10:05:00,8.317,8.322,8.341,8.304,0.05,0.004,175494,145988254.0,0.44,0.15
2026-02-02 10:10:00,8.318,8.32,8.345,8.316,-0.02,-0.002,182936,152334759.0,0.35,0.16
2026-02-02 10:15:00,8.319,8.262,8.319,8.262,-0.7,-0.058,588608,487332975.0,0.69,0.51
2026-02-02 10:20:00,8.26,8.262,8.273,8.252,0.0,0.0,582999,481596449.0,0.25,0.5
2026-02-02 10:25:00,8.263,8.278,8.278,8.258,0.19,0.016,312772,258481226.0,0.24,0.27
2026-02-02 10:30:00,8.281,8.263,8.284,8.26,-0.18,-0.015,153397,126884438.0,0.29,0.13
2026-02-02 10:35:00,8.264,8.261,8.274,8.255,-0.02,-0.002,162699,134447447.0,0.23,0.14
2026-02-02 10:40:00,8.26,8.257,8.264,8.254,-0.05,-0.004,161394,133276950.0,0.12,0.14
2026-02-02 10:45:00,8.256,8.264,8.27,8.255,0.08,0.007,102336,84552410.0,0.18,0.09
2026-02-02 10:50:00,8.264,8.283,8.288,8.262,0.23,0.019,109833,90914434.0,0.31,0.09
2026-02-02 10:55:00,8.282,8.269,8.286,8.264,-0.17,-0.014,67148,55581376.0,0.27,0.06
2026-02-02 11:00:00,8.268,8.243,8.268,8.235,-0.31,-0.026,172840,142561417.0,0.4,0.15
2026-02-02 11:05:00,8.243,8.234,8.25,8.231,-0.11,-0.009,303830,250341995.0,0.23,0.26
2026-02-02 11:10:00,8.234,8.236,8.236,8.216,0.02,0.002,520553,428195605.0,0.24,0.45
2026-02-02 11:15:00,8.236,8.266,8.268,8.236,0.36,0.03,150788,124435874.0,0.39,0.13
2026-02-02 11:20:00,8.267,8.28,8.286,8.267,0.17,0.014,110100,91153331.0,0.23,0.1
2026-02-02 11:25:00,8.279,8.25,8.285,8.245,-0.36,-0.03,73262,60546693.0,0.48,0.06
2026-02-02 11:30:00,8.25,8.227,8.256,8.225,-0.28,-0.023,140169,115485686.0,0.38,0.12
2026-02-02 13:05:00,8.222,8.227,8.227,8.206,0.0,0.0,266444,218922970.0,0.26,0.23
2026-02-02 13:10:00,8.227,8.233,8.236,8.216,0.07,0.006,114802,94419986.0,0.24,0.1
2026-02-02 13:15:00,8.232,8.221,8.233,8.216,-0.15,-0.012,58797,48344890.0,0.21,0.05
2026-02-02 13:20:00,8.221,8.206,8.225,8.206,-0.18,-0.015,84406,69368707.0,0.23,0.07
2026-02-02 13:25:00,8.208,8.205,8.225,8.204,-0.01,-0.001,75875,62300126.0,0.26,0.07
2026-02-02 13:30:00,8.205,8.186,8.21,8.181,-0.23,-0.019,211617,173394998.0,0.35,0.18
2026-02-02 13:35:00,8.183,8.174,8.2,8.172,-0.15,-0.012,529866,433636233.0,0.34,0.46
2026-02-02 13:40:00,8.173,8.16,8.185,8.16,-0.17,-0.014,531171,434038923.0,0.31,0.46
2026-02-02 13:45:00,8.161,8.155,8.186,8.154,-0.06,-0.005,666661,544536895.0,0.39,0.58
2026-02-02 13:50:00,8.157,8.131,8.16,8.131,-0.29,-0.024,1305290,1062856240.0,0.36,1.13
2026-02-02 13:55:00,8.131,8.125,8.16,8.114,-0.07,-0.006,1255276,1020694902.0,0.57,1.08
2026-02-02 14:00:00,8.127,8.18,8.185,8.124,0.68,0.055,723031,589211143.0,0.75,0.62
2026-02-02 14:05:00,8.18,8.199,8.217,8.18,0.23,0.019,226746,185847035.0,0.45,0.2
2026-02-02 14:10:00,8.197,8.181,8.211,8.174,-0.22,-0.018,220415,180565319.0,0.45,0.19
2026-02-02 14:15:00,8.181,8.171,8.196,8.157,-0.12,-0.01,341345,278855761.0,0.48,0.29
2026-02-02 14:20:00,8.171,8.135,8.174,8.134,-0.44,-0.036,653702,532232755.0,0.49,0.56
2026-02-02 14:25:00,8.136,8.126,8.14,8.126,-0.11,-0.009,703758,572524036.0,0.17,0.61
2026-02-02 14:30:00,8.127,8.107,8.145,8.102,-0.23,-0.019,1248576,1013318930.0,0.53,1.08
2026-02-02 14:35:00,8.108,8.108,8.125,8.105,0.01,0.001,693244,562233082.0,0.25,0.6
2026-02-02 14:40:00,8.109,8.097,8.121,8.084,-0.14,-0.011,652267,528152249.0,0.46,0.56
2026-02-02 14:45:00,8.095,8.078,8.109,8.078,-0.23,-0.019,405380,328133119.0,0.38,0.35
2026-02-02 14:50:00,8.079,8.055,8.09,8.054,-0.28,-0.023,1069903,863090452.0,0.45,0.92
2026-02-02 14:55:00,8.054,8.053,8.06,8.046,-0.02,-0.002,1424505,1147022820.0,0.17,1.23
2026-02-02 15:00:00,8.053,8.049,8.065,8.045,-0.05,-0.004,428221,344947874.0,0.25,0.37
2026-02-03 09:35:00,8.186,8.228,8.239,8.17,2.22,0.179,673950,553058733.0,0.86,0.58
2026-02-03 09:40:00,8.224,8.235,8.266,8.224,0.09,0.007,345312,284771906.0,0.51,0.3
2026-02-03 09:45:00,8.235,8.258,8.267,8.234,0.28,0.023,585503,483399855.0,0.4,0.51
2026-02-03 09:50:00,8.256,8.227,8.257,8.222,-0.38,-0.031,296947,244740999.0,0.42,0.26
2026-02-03 09:55:00,8.229,8.217,8.235,8.215,-0.12,-0.01,148241,121950006.0,0.24,0.13
2026-02-03 10:00:00,8.215,8.26,8.26,8.211,0.52,0.043,246857,203478401.0,0.6,0.21
2026-02-03 10:05:00,8.261,8.226,8.267,8.226,-0.41,-0.034,213339,176010834.0,0.5,0.18
2026-02-03 10:10:00,8.226,8.229,8.232,8.219,0.04,0.003,88785,73035596.0,0.16,0.08
2026-02-03 10:15:00,8.229,8.213,8.236,8.208,-0.19,-0.016,76403,62786921.0,0.34,0.07
2026-02-03 10:20:00,8.214,8.244,8.244,8.214,0.38,0.031,91361,75133696.0,0.37,0.08
2026-02-03 10:25:00,8.246,8.253,8.26,8.245,0.11,0.009,147436,121701745.0,0.18,0.13
2026-02-03 10:30:00,8.252,8.221,8.255,8.21,-0.39,-0.032,51016,41961117.0,0.55,0.04
2026-02-03 10:35:00,8.219,8.186,8.219,8.181,-0.43,-0.035,148202,121453010.0,0.46,0.13
2026-02-03 10:40:00,8.186,8.204,8.219,8.186,0.22,0.018,48579,39845250.0,0.4,0.04
2026-02-03 10:45:00,8.203,8.161,8.203,8.155,-0.52,-0.043,137637,112488568.0,0.59,0.12
2026-02-03 10:50:00,8.157,8.16,8.168,8.132,-0.01,-0.001,306278,249444014.0,0.44,0.26
2026-02-03 10:55:00,8.162,8.203,8.204,8.15,0.53,0.043,61729,50462513.0,0.66,0.05
2026-02-03 11:00:00,8.202,8.198,8.215,8.191,-0.06,-0.005,52879,43385590.0,0.29,0.05
2026-02-03 11:05:00,8.197,8.209,8.217,8.197,0.13,0.011,35000,28729669.0,0.24,0.03
2026-02-03 11:10:00,8.211,8.207,8.222,8.199,-0.02,-0.002,42358,34793644.0,0.28,0.04
2026-02-03 11:15:00,8.21,8.21,8.216,8.204,0.04,0.003,55211,45326169.0,0.15,0.05
2026-02-03 11:20:00,8.21,8.25,8.25,8.205,0.49,0.04,90655,74559120.0,0.55,0.08
2026-02-03 11:25:00,8.251,8.245,8.257,8.245,-0.06,-0.005,86124,71078437.0,0.15,0.07
2026-02-03 11:30:00,8.243,8.251,8.256,8.227,0.07,0.006,33275,27403080.0,0.35,0.03
2026-02-03 13:05:00,8.253,8.266,8.271,8.253,0.18,0.015,132951,109899243.0,0.22,0.11
2026-02-03 13:10:00,8.266,8.259,8.273,8.259,-0.08,-0.007,35032,28963809.0,0.17,0.03
2026-02-03 13:15:00,8.259,8.248,8.26,8.232,-0.13,-0.011,36447,30064258.0,0.34,0.03
2026-02-03 13:20:00,8.247,8.264,8.269,8.247,0.19,0.016,32840,27128340.0,0.27,0.03
2026-02-03 13:25:00,8.263,8.271,8.277,8.262,0.08,0.007,72012,59554947.0,0.18,0.06
2026-02-03 13:30:00,8.27,8.279,8.279,8.27,0.1,0.008,48471,40115470.0,0.11,0.04
2026-02-03 13:35:00,8.279,8.29,8.292,8.279,0.13,0.011,88861,73629350.0,0.16,0.08
2026-02-03 13:40:00,8.289,8.315,8.319,8.289,0.3,0.025,495451,411634669.0,0.36,0.43
2026-02-03 13:45:00,8.317,8.319,8.326,8.304,0.05,0.004,341362,283927242.0,0.26,0.29
2026-02-03 13:50:00,8.318,8.319,8.321,8.311,0.0,0.0,112020,93160680.0,0.12,0.1
2026-02-03 13:55:00,8.319,8.317,8.319,8.3,-0.02,-0.002,117993,98055449.0,0.23,0.1
2026-02-03 14:00:00,8.317,8.316,8.322,8.311,-0.01,-0.001,189639,157756249.0,0.13,0.16
2026-02-03 14:05:00,8.315,8.31,8.321,8.304,-0.07,-0.006,271323,225524923.0,0.2,0.23
2026-02-03 14:10:00,8.312,8.329,8.331,8.312,0.23,0.019,329221,274033689.0,0.23,0.28
2026-02-03 14:15:00,8.33,8.34,8.347,8.33,0.13,0.011,446950,372727722.0,0.2,0.39
2026-02-03 14:20:00,8.339,8.359,8.361,8.336,0.23,0.019,641273,535610194.0,0.3,0.55
2026-02-03 14:25:00,8.358,8.352,8.363,8.352,-0.08,-0.007,355367,297051735.0,0.13,0.31
2026-02-03 14:30:00,8.351,8.357,8.359,8.351,0.06,0.005,232980,194672383.0,0.1,0.2
2026-02-03 14:35:00,8.356,8.366,8.366,8.352,0.11,0.009,308752,258076220.0,0.17,0.27
2026-02-03 14:40:00,8.367,8.373,8.375,8.363,0.08,0.007,288661,241616607.0,0.14,0.25
2026-02-03 14:45:00,8.373,8.36,8.373,8.359,-0.16,-0.013,227155,190061883.0,0.17,0.2
2026-02-03 14:50:00,8.364,8.365,8.37,8.361,0.06,0.005,189840,158838496.0,0.11,0.16
2026-02-03 14:55:00,8.363,8.369,8.37,8.36,0.05,0.004,171588,143554903.0,0.12,0.15
2026-02-03 15:00:00,8.367,8.366,8.368,8.359,-0.04,-0.003,136756,114372852.0,0.11,0.12
2026-02-04 09:35:00,8.36,8.341,8.36,8.307,-0.3,-0.025,667720,556033089.0,0.63,0.58
2026-02-04 09:40:00,8.341,8.311,8.352,8.303,-0.36,-0.03,421812,350920496.0,0.59,0.36
2026-02-04 09:45:00,8.307,8.305,8.33,8.305,-0.07,-0.006,303939,252879238.0,0.3,0.26
2026-02-04 09:50:00,8.305,8.282,8.309,8.269,-0.28,-0.023,372498,308643954.0,0.48,0.32
2026-02-04 09:55:00,8.281,8.311,8.322,8.274,0.35,0.029,268719,223095944.0,0.58,0.23
2026-02-04 10:00:00,8.31,8.31,8.318,8.303,-0.01,-0.001,255033,211932993.0,0.18,0.22
2026-02-04 10:05:00,8.307,8.345,8.345,8.305,0.42,0.035,195584,162727688.0,0.48,0.17
2026-02-04 10:10:00,8.343,8.337,8.35,8.335,-0.1,-0.008,161555,134740490.0,0.18,0.14
2026-02-04 10:15:00,8.337,8.329,8.339,8.313,-0.1,-0.008,306760,255373546.0,0.31,0.27
2026-02-04 10:20:00,8.327,8.346,8.348,8.327,0.2,0.017,98056,81772315.0,0.25,0.08
2026-02-04 10:25:00,8.342,8.338,8.351,8.336,-0.1,-0.008,107038,89302627.0,0.18,0.09
2026-02-04 10:30:00,8.338,8.322,8.341,8.322,-0.19,-0.016,162482,135368541.0,0.23,0.14
2026-02-04 10:35:00,8.322,8.313,8.33,8.309,-0.11,-0.009,221765,184482617.0,0.25,0.19
2026-02-04 10:40:00,8.313,8.304,8.321,8.304,-0.11,-0.009,201004,167105058.0,0.2,0.17
2026-02-04 10:45:00,8.302,8.322,8.331,8.3,0.22,0.018,114461,95157671.0,0.37,0.1
2026-02-04 10:50:00,8.321,8.306,8.322,8.305,-0.19,-0.016,182634,151848841.0,0.2,0.16
2026-02-04 10:55:00,8.304,8.294,8.304,8.292,-0.14,-0.012,146303,121382035.0,0.14,0.13
2026-02-04 11:00:00,8.294,8.291,8.297,8.288,-0.04,-0.003,204677,169728235.0,0.11,0.18
2026-02-04 11:05:00,8.289,8.287,8.3,8.278,-0.05,-0.004,194944,161607894.0,0.27,0.17
2026-02-04 11:10:00,8.293,8.292,8.296,8.288,0.06,0.005,91827,76146429.0,0.1,0.08
2026-02-04 11:15:00,8.292,8.276,8.305,8.276,-0.19,-0.016,218876,181460968.0,0.35,0.19
2026-02-04 11:20:00,8.274,8.274,8.278,8.263,-0.02,-0.002,459502,379971662.0,0.18,0.4
2026-02-04 11:25:00,8.274,8.293,8.295,8.273,0.23,0.019,59551,49328847.0,0.27,0.05
2026-02-04 11:30:00,8.294,8.272,8.295,8.271,-0.25,-0.021,188841,156320230.0,0.29,0.16
2026-02-04 13:05:00,8.274,8.272,8.293,8.267,0.0,0.0,260310,215337557.0,0.31,0.22
2026-02-04 13:10:00,8.272,8.259,8.28,8.25,-0.16,-0.013,521766,431058357.0,0.36,0.45
2026-02-04 13:15:00,8.26,8.253,8.268,8.251,-0.07,-0.006,327480,270420539.0,0.21,0.28
2026-02-04 13:20:00,8.252,8.272,8.272,8.249,0.23,0.019,184729,152509441.0,0.28,0.16
2026-02-04 13:25:00,8.274,8.291,8.293,8.272,0.23,0.019,88744,73452492.0,0.25,0.08
2026-02-04 13:30:00,8.291,8.299,8.299,8.289,0.1,0.008,78165,64821425.0,0.12,0.07
2026-02-04 13:35:00,8.299,8.283,8.303,8.283,-0.19,-0.016,51973,43102229.0,0.24,0.04
2026-02-04 13:40:00,8.284,8.277,8.292,8.274,-0.07,-0.006,224938,186258940.0,0.22,0.19
2026-02-04 13:45:00,8.275,8.286,8.293,8.274,0.11,0.009,134050,110972360.0,0.23,0.12
2026-02-04 13:50:00,8.286,8.294,8.303,8.284,0.1,0.008,72181,59870124.0,0.23,0.06
2026-02-04 13:55:00,8.293,8.282,8.293,8.281,-0.14,-0.012,117722,97531783.0,0.14,0.1
2026-02-04 14:00:00,8.283,8.268,8.285,8.268,-0.17,-0.014,46759,38694392.0,0.21,0.04
2026-02-04 14:05:00,8.268,8.282,8.286,8.268,0.17,0.014,46858,38776447.0,0.22,0.04
2026-02-04 14:10:00,8.282,8.289,8.293,8.28,0.08,0.007,43350,35929984.0,0.16,0.04
2026-02-04 14:15:00,8.29,8.336,8.338,8.29,0.57,0.047,124931,103891832.0,0.58,0.11
2026-02-04 14:20:00,8.336,8.327,8.344,8.322,-0.11,-0.009,142560,118861299.0,0.26,0.12
2026-02-04 14:25:00,8.329,8.348,8.352,8.327,0.25,0.021,201686,168287109.0,0.3,0.17
2026-02-04 14:30:00,8.347,8.334,8.35,8.333,-0.17,-0.014,209580,174846803.0,0.2,0.18
2026-02-04 14:35:00,8.339,8.365,8.366,8.338,0.37,0.031,466358,389573818.0,0.34,0.4
2026-02-04 14:40:00,8.368,8.378,8.38,8.365,0.16,0.013,684187,572765433.0,0.18,0.59
2026-02-04 14:45:00,8.38,8.384,8.386,8.374,0.07,0.006,711621,596364328.0,0.14,0.61
2026-02-04 14:50:00,8.384,8.391,8.395,8.379,0.08,0.007,1052444,883015199.0,0.19,0.91
2026-02-04 14:55:00,8.391,8.387,8.394,8.385,-0.05,-0.004,646914,542833835.0,0.11,0.56
2026-02-04 15:00:00,8.387,8.388,8.393,8.376,0.01,0.001,243082,203777431.0,0.2,0.21
2026-02-05 09:35:00,8.3,8.287,8.313,8.258,-1.2,-0.101,430683,356913055.0,0.66,0.37
2026-02-05 09:40:00,8.292,8.295,8.3,8.285,0.1,0.008,117103,97092055.0,0.18,0.1
2026-02-05 09:45:00,8.296,8.273,8.298,8.266,-0.27,-0.022,150450,124493343.0,0.39,0.13
2026-02-05 09:50:00,8.272,8.273,8.286,8.27,0.0,0.0,124579,103110421.0,0.19,0.11
2026-02-05 09:55:00,8.272,8.247,8.274,8.245,-0.31,-0.026,187890,155191126.0,0.35,0.16
2026-02-05 10:00:00,8.251,8.212,8.257,8.21,-0.42,-0.035,340618,280237977.0,0.57,0.29
2026-02-05 10:05:00,8.208,8.212,8.22,8.203,0.0,0.0,657257,539567043.0,0.21,0.57
2026-02-05 10:10:00,8.213,8.2,8.213,8.193,-0.15,-0.012,577223,473307960.0,0.24,0.5
2026-02-05 10:15:00,8.202,8.197,8.217,8.197,-0.04,-0.003,252902,207472559.0,0.24,0.22
2026-02-05 10:20:00,8.195,8.17,8.195,8.159,-0.33,-0.027,561992,459473298.0,0.44,0.49
2026-02-05 10:25:00,8.167,8.174,8.186,8.162,0.05,0.004,160614,131240466.0,0.29,0.14
2026-02-05 10:30:00,8.174,8.176,8.18,8.165,0.02,0.002,131031,107077473.0,0.18,0.11
2026-02-05 10:35:00,8.176,8.205,8.205,8.176,0.35,0.029,164193,134519342.0,0.35,0.14
2026-02-05 10:40:00,8.206,8.21,8.217,8.204,0.06,0.005,237156,194662615.0,0.16,0.2
2026-02-05 10:45:00,8.21,8.221,8.221,8.201,0.13,0.011,189146,155295075.0,0.24,0.16
2026-02-05 10:50:00,8.218,8.185,8.218,8.181,-0.44,-0.036,206959,169750039.0,0.45,0.18
2026-02-05 10:55:00,8.185,8.164,8.185,8.16,-0.26,-0.021,228138,186315565.0,0.31,0.2
2026-02-05 11:00:00,8.159,8.18,8.19,8.15,0.2,0.016,216824,177014679.0,0.49,0.19
2026-02-05 11:05:00,8.182,8.199,8.209,8.182,0.23,0.019,133777,109704536.0,0.33,0.12
2026-02-05 11:10:00,8.2,8.196,8.212,8.178,-0.04,-0.003,96175,78783354.0,0.41,0.08
2026-02-05 11:15:00,8.197,8.174,8.203,8.173,-0.27,-0.022,247826,202785693.0,0.37,0.21
2026-02-05 11:20:00,8.176,8.184,8.184,8.159,0.12,0.01,164559,134406747.0,0.31,0.14
2026-02-05 11:25:00,8.185,8.2,8.208,8.175,0.2,0.016,62795,51453730.0,0.4,0.05
2026-02-05 11:30:00,8.199,8.169,8.199,8.169,-0.38,-0.031,291150,238116941.0,0.37,0.25
2026-02-05 13:05:00,8.169,8.178,8.191,8.16,0.11,0.009,323827,264496475.0,0.38,0.28
2026-02-05 13:10:00,8.18,8.158,8.187,8.158,-0.24,-0.02,172819,141157552.0,0.35,0.15
2026-02-05 13:15:00,8.157,8.151,8.166,8.147,-0.09,-0.007,272303,222004790.0,0.23,0.24
2026-02-05 13:20:00,8.15,8.165,8.165,8.148,0.17,0.014,93473,76213057.0,0.21,0.08
2026-02-05 13:25:00,8.165,8.166,8.175,8.161,0.01,0.001,145646,118938364.0,0.17,0.13
2026-02-05 13:30:00,8.167,8.181,8.185,8.164,0.18,0.015,92486,75595608.0,0.26,0.08
2026-02-05 13:35:00,8.18,8.169,8.182,8.153,-0.15,-0.012,94991,77541768.0,0.35,0.08
2026-02-05 13:40:00,8.166,8.195,8.197,8.162,0.32,0.026,82245,67327311.0,0.43,0.07
2026-02-05 13:45:00,8.195,8.218,8.221,8.188,0.28,0.023,93846,77020326.0,0.4,0.08
2026-02-05 13:50:00,8.222,8.222,8.235,8.218,0.05,0.004,135486,111485416.0,0.21,0.12
2026-02-05 13:55:00,8.221,8.238,8.25,8.219,0.19,0.016,99469,81932271.0,0.38,0.09
2026-02-05 14:00:00,8.239,8.215,8.239,8.213,-0.28,-0.023,62595,51485424.0,0.32,0.05
2026-02-05 14:05:00,8.217,8.255,8.255,8.217,0.49,0.04,60393,49736110.0,0.46,0.05
2026-02-05 14:10:00,8.252,8.269,8.269,8.235,0.17,0.014,65873,54374892.0,0.41,0.06
2026-02-05 14:15:00,8.269,8.236,8.269,8.234,-0.4,-0.033,90426,74550106.0,0.42,0.08
2026-02-05 14:20:00,8.236,8.215,8.236,8.215,-0.25,-0.021,210073,172721039.0,0.25,0.18
2026-02-05 14:25:00,8.217,8.212,8.218,8.202,-0.04,-0.003,354255,290775564.0,0.19,0.31
2026-02-05 14:30:00,8.212,8.216,8.216,8.205,0.05,0.004,225589,185183914.0,0.13,0.19
2026-02-05 14:35:00,8.217,8.258,8.264,8.217,0.51,0.042,252453,208236198.0,0.57,0.22
2026-02-05 14:40:00,8.258,8.241,8.261,8.228,-0.21,-0.017,113836,93840888.0,0.4,0.1
2026-02-05 14:45:00,8.242,8.227,8.247,8.221,-0.17,-0.014,83970,69174990.0,0.32,0.07
2026-02-05 14:50:00,8.225,8.233,8.238,8.224,0.07,0.006,96529,79475871.0,0.17,0.08
2026-02-05 14:55:00,8.233,8.227,8.234,8.227,-0.07,-0.006,268355,220886154.0,0.09,0.23
2026-02-05 15:00:00,8.228,8.217,8.231,8.212,-0.12,-0.01,130454,107301599.0,0.23,0.11
2026-02-06 09:35:00,8.105,8.103,8.162,8.075,-1.39,-0.114,1009220,816834844.0,1.06,0.87
2026-02-06 09:40:00,8.103,8.155,8.164,8.097,0.64,0.052,289736,235472138.0,0.83,0.25
2026-02-06 09:45:00,8.16,8.16,8.181,8.16,0.06,0.005,127178,103903272.0,0.26,0.11
2026-02-06 09:50:00,8.162,8.164,8.2,8.162,0.05,0.004,110181,90162669.0,0.47,0.1
2026-02-06 09:55:00,8.165,8.179,8.186,8.163,0.18,0.015,71286,58274157.0,0.28,0.06
2026-02-06 10:00:00,8.181,8.179,8.186,8.169,0.0,0.0,50378,41189373.0,0.21,0.04
2026-02-06 10:05:00,8.176,8.156,8.176,8.14,-0.28,-0.023,278021,226665551.0,0.44,0.24
2026-02-06 10:10:00,8.156,8.161,8.165,8.147,0.06,0.005,218812,178424729.0,0.22,0.19
2026-02-06 10:15:00,8.162,8.171,8.184,8.16,0.12,0.01,141943,116004738.0,0.29,0.12
2026-02-06 10:20:00,8.168,8.24,8.242,8.167,0.84,0.069,350600,288216227.0,0.92,0.3
2026-02-06 10:25:00,8.242,8.265,8.266,8.242,0.3,0.025,824046,680186627.0,0.29,0.71
2026-02-06 10:30:00,8.265,8.277,8.286,8.261,0.15,0.012,841614,696160769.0,0.3,0.73
2026-02-06 10:35:00,8.272,8.31,8.314,8.272,0.4,0.033,775719,642917398.0,0.51,0.67
2026-02-06 10:40:00,8.311,8.29,8.319,8.288,-0.24,-0.02,382867,318151456.0,0.37,0.33
2026-02-06 10:45:00,8.29,8.288,8.296,8.267,-0.02,-0.002,192321,159272263.0,0.35,0.17
2026-02-06 10:50:00,8.288,8.274,8.292,8.27,-0.17,-0.014,120523,99805352.0,0.27,0.1
2026-02-06 10:55:00,8.274,8.269,8.28,8.265,-0.06,-0.005,147271,121844811.0,0.18,0.13
2026-02-06 11:00:00,8.272,8.284,8.299,8.272,0.18,0.015,301975,250303638.0,0.33,0.26
2026-02-06 11:05:00,8.283,8.295,8.296,8.267,0.13,0.011,49772,41191448.0,0.35,0.04
2026-02-06 11:10:00,8.297,8.302,8.31,8.295,0.08,0.007,77450,64310135.0,0.18,0.07
2026-02-06 11:15:00,8.305,8.297,8.309,8.295,-0.06,-0.005,47542,39466407.0,0.17,0.04
2026-02-06 11:20:00,8.297,8.305,8.316,8.297,0.1,0.008,187545,155839503.0,0.23,0.16
2026-02-06 11:25:00,8.308,8.279,8.308,8.276,-0.31,-0.026,71950,59633420.0,0.39,0.06
2026-02-06 11:30:00,8.275,8.3,8.303,8.27,0.25,0.021,51871,43001857.0,0.4,0.04
2026-02-06 13:05:00,8.301,8.326,8.33,8.291,0.31,0.026,144236,119937627.0,0.47,0.12
2026-02-06 13:10:00,8.326,8.314,8.329,8.314,-0.14,-0.012,77174,64259343.0,0.18,0.07
2026-02-06 13:15:00,8.312,8.294,8.313,8.282,-0.24,-0.02,77365,64191910.0,0.37,0.07
2026-02-06 13:20:00,8.294,8.295,8.297,8.283,0.01,0.001,48187,39956098.0,0.17,0.04
2026-02-06 13:25:00,8.295,8.309,8.309,8.295,0.17,0.014,28113,23342285.0,0.17,0.02
2026-02-06 13:30:00,8.31,8.304,8.312,8.303,-0.06,-0.005,16257,13508259.0,0.11,0.01
2026-02-06 13:35:00,8.304,8.315,8.315,8.289,0.13,0.011,47411,39364992.0,0.31,0.04
2026-02-06 13:40:00,8.315,8.309,8.315,8.301,-0.07,-0.006,43481,36116216.0,0.17,0.04
2026-02-06 13:45:00,8.309,8.3,8.311,8.3,-0.11,-0.009,35744,29688325.0,0.13,0.03
2026-02-06 13:50:00,8.3,8.292,8.301,8.285,-0.1,-0.008,53076,44004007.0,0.19,0.05
2026-02-06 13:55:00,8.292,8.304,8.306,8.292,0.14,0.012,61787,51284480.0,0.17,0.05
2026-02-06 14:00:00,8.303,8.31,8.312,8.294,0.07,0.006,81764,67901336.0,0.22,0.07
2026-02-06 14:05:00,8.311,8.302,8.323,8.302,-0.1,-0.008,181192,150679258.0,0.25,0.16
2026-02-06 14:10:00,8.3,8.295,8.3,8.284,-0.08,-0.007,86425,71674208.0,0.19,0.07
2026-02-06 14:15:00,8.295,8.279,8.297,8.269,-0.19,-0.016,77072,63847616.0,0.34,0.07
2026-02-06 14:20:00,8.277,8.293,8.297,8.277,0.17,0.014,119801,99252816.0,0.24,0.1
2026-02-06 14:25:00,8.293,8.281,8.295,8.275,-0.14,-0.012,100403,83193415.0,0.24,0.09
2026-02-06 14:30:00,8.283,8.276,8.284,8.257,-0.06,-0.005,90658,74989817.0,0.33,0.08
2026-02-06 14:35:00,8.276,8.25,8.28,8.25,-0.31,-0.026,91044,75263870.0,0.36,0.08
2026-02-06 14:40:00,8.246,8.254,8.266,8.245,0.05,0.004,82506,68116978.0,0.25,0.07
2026-02-06 14:45:00,8.253,8.24,8.261,8.234,-0.17,-0.014,136275,112375759.0,0.33,0.12
2026-02-06 14:50:00,8.245,8.241,8.256,8.241,0.01,0.001,110919,91520685.0,0.18,0.1
2026-02-06 14:55:00,8.238,8.227,8.239,8.227,-0.17,-0.014,146156,120298633.0,0.15,0.13
2026-02-06 15:00:00,8.226,8.213,8.228,8.212,-0.17,-0.014,742497,610249499.0,0.19,0.64
2026-02-09 09:35:00,8.35,8.363,8.383,8.331,1.83,0.15,653025,545278284.0,0.63,0.56
2026-02-09 09:40:00,8.363,8.342,8.375,8.333,-0.25,-0.021,514555,430080168.0,0.5,0.44
2026-02-09 09:45:00,8.34,8.332,8.34,8.315,-0.12,-0.01,158321,131856405.0,0.3,0.14
2026-02-09 09:50:00,8.334,8.322,8.337,8.32,-0.12,-0.01,109759,91379104.0,0.2,0.09
2026-02-09 09:55:00,8.322,8.311,8.335,8.306,-0.13,-0.011,107751,89660828.0,0.35,0.09
2026-02-09 10:00:00,8.314,8.333,8.342,8.309,0.26,0.022,122004,101683660.0,0.4,0.11
2026-02-09 10:05:00,8.334,8.336,8.342,8.325,0.04,0.003,91188,75994787.0,0.2,0.08
2026-02-09 10:10:00,8.34,8.372,8.372,8.338,0.43,0.036,340035,284265263.0,0.41,0.29
2026-02-09 10:15:00,8.372,8.383,8.393,8.371,0.13,0.011,636781,533737579.0,0.26,0.55
2026-02-09 10:20:00,8.385,8.376,8.386,8.367,-0.08,-0.007,443165,371287936.0,0.23,0.38
2026-02-09 10:25:00,8.372,8.373,8.38,8.368,-0.04,-0.003,266564,223223896.0,0.14,0.23
2026-02-09 10:30:00,8.375,8.375,8.378,8.36,0.02,0.002,165738,138749079.0,0.21,0.14
2026-02-09 10:35:00,8.375,8.37,8.377,8.368,-0.06,-0.005,97931,81999444.0,0.11,0.08
2026-02-09 10:40:00,8.369,8.366,8.375,8.362,-0.05,-0.004,74140,62042482.0,0.16,0.06
2026-02-09 10:45:00,8.366,8.376,8.377,8.356,0.12,0.01,86861,72651445.0,0.25,0.08
2026-02-09 10:50:00,8.377,8.381,8.382,8.368,0.06,0.005,45444,38058176.0,0.17,0.04
2026-02-09 10:55:00,8.382,8.377,8.382,8.366,-0.05,-0.004,48407,40541836.0,0.19,0.04
2026-02-09 11:00:00,8.381,8.378,8.381,8.375,0.01,0.001,45601,38209570.0,0.07,0.04
2026-02-09 11:05:00,8.377,8.373,8.382,8.368,-0.06,-0.005,39149,32797192.0,0.17,0.03
2026-02-09 11:10:00,8.372,8.376,8.377,8.368,0.04,0.003,22302,18672940.0,0.11,0.02
2026-02-09 11:15:00,8.377,8.379,8.38,8.374,0.04,0.003,28943,24249002.0,0.07,0.03
2026-02-09 11:20:00,8.379,8.38,8.396,8.374,0.01,0.001,93772,78630585.0,0.26,0.08
2026-02-09 11:25:00,8.381,8.375,8.386,8.372,-0.06,-0.005,30666,25690839.0,0.17,0.03
2026-02-09 11:30:00,8.375,8.365,8.379,8.362,-0.12,-0.01,61610,51550782.0,0.2,0.05
2026-02-09 13:05:00,8.366,8.359,8.369,8.35,-0.07,-0.006,99256,82966466.0,0.23,0.09
2026-02-09 13:10:00,8.359,8.358,8.364,8.355,-0.01,-0.001,43153,36072949.0,0.11,0.04
2026-02-09 13:15:00,8.355,8.365,8.373,8.354,0.08,0.007,29376,24576952.0,0.23,0.03
2026-02-09 13:20:00,8.365,8.358,8.37,8.354,-0.08,-0.007,92762,77549294.0,0.19,0.08
2026-02-09 13:25:00,8.357,8.373,8.373,8.355,0.18,0.015,50636,42359441.0,0.22,0.04
2026-02-09 13:30:00,8.373,8.377,8.379,8.372,0.05,0.004,38767,32469663.0,0.08,0.03
2026-02-09 13:35:00,8.378,8.376,8.379,8.372,-0.01,-0.001,14180,11877471.0,0.08,0.01
2026-02-09 13:40:00,8.375,8.384,8.386,8.375,0.1,0.008,32784,27484876.0,0.13,0.03
2026-02-09 13:45:00,8.384,8.375,8.388,8.374,-0.11,-0.009,42356,35509903.0,0.17,0.04
2026-02-09 13:50:00,8.376,8.377,8.378,8.37,0.02,0.002,34237,28668678.0,0.1,0.03
2026-02-09 13:55:00,8.377,8.382,8.383,8.374,0.06,0.005,48309,40469570.0,0.11,0.04
2026-02-09 14:00:00,8.382,8.388,8.39,8.382,0.07,0.006,40247,33748541.0,0.1,0.03
2026-02-09 14:05:00,8.388,8.394,8.395,8.382,0.07,0.006,49737,41720794.0,0.15,0.04
2026-02-09 14:10:00,8.394,8.385,8.395,8.382,-0.11,-0.009,44626,37433157.0,0.15,0.04
2026-02-09 14:15:00,8.381,8.377,8.383,8.374,-0.1,-0.008,71039,59516964.0,0.11,0.06
2026-02-09 14:20:00,8.376,8.37,8.376,8.363,-0.08,-0.007,65709,55002623.0,0.16,0.06
2026-02-09 14:25:00,8.37,8.373,8.376,8.369,0.04,0.003,66197,55426247.0,0.08,0.06
2026-02-09 14:30:00,8.374,8.373,8.376,8.371,0.0,0.0,78893,66060051.0,0.06,0.07
2026-02-09 14:35:00,8.373,8.379,8.38,8.369,0.07,0.006,96285,80621623.0,0.13,0.08
2026-02-09 14:40:00,8.378,8.377,8.381,8.374,-0.02,-0.002,50217,42067488.0,0.08,0.04
2026-02-09 14:45:00,8.377,8.384,8.384,8.373,0.08,0.007,103638,86810851.0,0.13,0.09
2026-02-09 14:50:00,8.382,8.393,8.394,8.382,0.11,0.009,121815,102212607.0,0.14,0.11
2026-02-09 14:55:00,8.392,8.391,8.393,8.388,-0.02,-0.002,119929,100628005.0,0.06,0.1
2026-02-09 15:00:00,8.391,8.395,8.397,8.391,0.05,0.004,224768,188675505.0,0.07,0.19
2026-02-10 09:35:00,8.395,8.381,8.4,8.375,-0.17,-0.014,190569,159835512.0,0.3,0.16
2026-02-10 09:40:00,8.382,8.371,8.392,8.362,-0.12,-0.01,104617,87640450.0,0.36,0.09
2026-02-10 09:45:00,8.371,8.336,8.374,8.336,-0.42,-0.035,119978,100271256.0,0.45,0.1
2026-02-10 09:50:00,8.333,8.365,8.367,8.329,0.35,0.029,136506,113868291.0,0.46,0.12
2026-02-10 09:55:00,8.366,8.386,8.388,8.366,0.25,0.021,58487,49012065.0,0.26,0.05
2026-02-10 10:00:00,8.386,8.376,8.394,8.376,-0.12,-0.01,125856,105545249.0,0.21,0.11
2026-02-10 10:05:00,8.376,8.382,8.391,8.373,0.07,0.006,67745,56787147.0,0.21,0.06
2026-02-10 10:10:00,8.382,8.39,8.392,8.377,0.1,0.008,42229,35416657.0,0.18,0.04
2026-02-10 10:15:00,8.39,8.392,8.394,8.383,0.02,0.002,52219,43808575.0,0.13,0.05
2026-02-10 10:20:00,8.393,8.398,8.404,8.392,0.07,0.006,73507,61729438.0,0.14,0.06
2026-02-10 10:25:00,8.398,8.388,8.401,8.384,-0.12,-0.01,34912,29290445.0,0.2,0.03
2026-02-10 10:30:00,8.388,8.375,8.388,8.371,-0.15,-0.013,35502,29747269.0,0.2,0.03
2026-02-10 10:35:00,8.374,8.37,8.383,8.369,-0.06,-0.005,41554,34802166.0,0.17,0.04
2026-02-10 10:40:00,8.366,8.369,8.371,8.362,-0.01,-0.001,51940,43454797.0,0.11,0.04
2026-02-10 10:45:00,8.369,8.367,8.373,8.365,-0.02,-0.002,42812,35832412.0,0.1,0.04
2026-02-10 10:50:00,8.367,8.359,8.37,8.358,-0.1,-0.008,22026,18421056.0,0.14,0.02
2026-02-10 10:55:00,8.357,8.373,8.373,8.353,0.17,0.014,51393,42979360.0,0.24,0.04
2026-02-10 11:00:00,8.373,8.367,8.373,8.367,-0.07,-0.006,9472,7927832.0,0.07,0.01
2026-02-10 11:05:00,8.365,8.366,8.368,8.361,-0.01,-0.001,10078,8429342.0,0.08,0.01
2026-02-10 11:10:00,8.365,8.357,8.366,8.355,-0.11,-0.009,51420,42987209.0,0.13,0.04
2026-02-10 11:15:00,8.359,8.355,8.359,8.353,-0.02,-0.002,51662,43168679.0,0.07,0.04
2026-02-10 11:20:00,8.355,8.353,8.363,8.351,-0.02,-0.002,31644,26445835.0,0.14,0.03
2026-02-10 11:25:00,8.353,8.366,8.368,8.353,0.16,0.013,31939,26702975.0,0.18,0.03
2026-02-10 11:30:00,8.367,8.361,8.369,8.36,-0.06,-0.005,27562,23057476.0,0.11,0.02
2026-02-10 13:05:00,8.361,8.376,8.376,8.355,0.18,0.015,51147,42784883.0,0.25,0.04
2026-02-10 13:10:00,8.376,8.365,8.383,8.362,-0.13,-0.011,104066,87105225.0,0.25,0.09
2026-02-10 13:15:00,8.364,8.378,8.379,8.364,0.16,0.013,102262,85638724.0,0.18,0.09
2026-02-10 13:20:00,8.378,8.382,8.385,8.376,0.05,0.004,150700,126285819.0,0.11,0.13
2026-02-10 13:25:00,8.382,8.379,8.386,8.377,-0.04,-0.003,208448,174740211.0,0.11,0.18
2026-02-10 13:30:00,8.379,8.378,8.38,8.375,-0.01,-0.001,94103,78836207.0,0.06,0.08
2026-02-10 13:35:00,8.378,8.385,8.385,8.372,0.08,0.007,49828,41747814.0,0.16,0.04
2026-02-10 13:40:00,8.385,8.386,8.387,8.383,0.01,0.001,99280,83251347.0,0.05,0.09
2026-02-10 13:45:00,8.386,8.382,8.387,8.382,-0.05,-0.004,65842,55202539.0,0.06,0.06
2026-02-10 13:50:00,8.382,8.381,8.384,8.377,-0.01,-0.001,57337,48055019.0,0.08,0.05
2026-02-10 13:55:00,8.381,8.391,8.393,8.381,0.12,0.01,21927,18393848.0,0.14,0.02
2026-02-10 14:00:00,8.391,8.398,8.398,8.387,0.08,0.007,15270,12814625.0,0.13,0.01
2026-02-10 14:05:00,8.398,8.389,8.398,8.389,-0.11,-0.009,52180,43805987.0,0.11,0.05
2026-02-10 14:10:00,8.388,8.391,8.392,8.38,0.02,0.002,33770,28315351.0,0.14,0.03
2026-02-10 14:15:00,8.39,8.388,8.39,8.385,-0.04,-0.003,9686,8124583.0,0.06,0.01
2026-02-10 14:20:00,8.388,8.384,8.391,8.384,-0.05,-0.004,92266,77383041.0,0.08,0.08
2026-02-10 14:25:00,8.384,8.378,8.387,8.377,-0.07,-0.006,128131,107410756.0,0.12,0.11
2026-02-10 14:30:00,8.379,8.383,8.383,8.376,0.06,0.005,48798,40906874.0,0.08,0.04
2026-02-10 14:35:00,8.383,8.385,8.388,8.379,0.02,0.002,30241,25351291.0,0.11,0.03
2026-02-10 14:40:00,8.384,8.382,8.388,8.382,-0.04,-0.003,23684,19856768.0,0.07,0.02
2026-02-10 14:45:00,8.382,8.383,8.386,8.382,0.01,0.001,62301,52227370.0,0.05,0.05
2026-02-10 14:50:00,8.384,8.386,8.387,8.383,0.04,0.003,77085,64631121.0,0.05,0.07
2026-02-10 14:55:00,8.386,8.383,8.386,8.382,-0.04,-0.003,129693,108732563.0,0.05,0.11
2026-02-10 15:00:00,8.383,8.377,8.383,8.377,-0.07,-0.006,269749,226040070.0,0.07,0.23
2026-02-11 09:35:00,8.355,8.408,8.413,8.355,0.37,0.031,301594,253207523.0,0.69,0.26
2026-02-11 09:40:00,8.408,8.428,8.431,8.405,0.24,0.02,158388,133326403.0,0.31,0.14
2026-02-11 09:45:00,8.429,8.443,8.446,8.429,0.18,0.015,191653,161742916.0,0.2,0.17
2026-02-11 09:50:00,8.445,8.444,8.457,8.441,0.01,0.001,135302,114310875.0,0.19,0.12
2026-02-11 09:55:00,8.443,8.442,8.449,8.435,-0.02,-0.002,92107,77766105.0,0.17,0.08
2026-02-11 10:00:00,8.443,8.428,8.443,8.425,-0.17,-0.014,93951,79222251.0,0.21,0.08
2026-02-11 10:05:00,8.428,8.413,8.433,8.413,-0.18,-0.015,47207,39774543.0,0.24,0.04
2026-02-11 10:10:00,8.415,8.425,8.431,8.407,0.14,0.012,78132,65781980.0,0.29,0.07
2026-02-11 10:15:00,8.418,8.415,8.423,8.408,-0.12,-0.01,118106,99414717.0,0.18,0.1
2026-02-11 10:20:00,8.416,8.422,8.425,8.411,0.08,0.007,44010,37055742.0,0.17,0.04
2026-02-11 10:25:00,8.422,8.431,8.433,8.421,0.11,0.009,47285,39852032.0,0.14,0.04
2026-02-11 10:30:00,8.431,8.433,8.438,8.43,0.02,0.002,81742,68947869.0,0.09,0.07
2026-02-11 10:35:00,8.434,8.436,8.437,8.428,0.04,0.003,50130,42272170.0,0.11,0.04
2026-02-11 10:40:00,8.436,8.435,8.437,8.43,-0.01,-0.001,11892,10031343.0,0.08,0.01
2026-02-11 10:45:00,8.435,8.442,8.442,8.435,0.08,0.007,21274,17954246.0,0.08,0.02
2026-02-11 10:50:00,8.443,8.43,8.443,8.429,-0.14,-0.012,20350,17169069.0,0.17,0.02
2026-02-11 10:55:00,8.43,8.447,8.449,8.43,0.2,0.017,28686,24214102.0,0.23,0.02
2026-02-11 11:00:00,8.447,8.434,8.449,8.434,-0.15,-0.013,22847,19297374.0,0.18,0.02
2026-02-11 11:05:00,8.434,8.439,8.44,8.433,0.06,0.005,10691,9018138.0,0.08,0.01
2026-02-11 11:10:00,8.439,8.438,8.441,8.437,-0.01,-0.001,12926,10909062.0,0.05,0.01
2026-02-11 11:15:00,8.438,8.435,8.44,8.434,-0.04,-0.003,14294,12059045.0,0.07,0.01
2026-02-11 11:20:00,8.435,8.43,8.437,8.422,-0.06,-0.005,32814,27661369.0,0.18,0.03
2026-02-11 11:25:00,8.429,8.434,8.435,8.417,0.05,0.004,18954,15969318.0,0.21,0.02
2026-02-11 11:30:00,8.434,8.441,8.443,8.433,0.08,0.007,28650,24182567.0,0.12,0.02
2026-02-11 13:05:00,8.44,8.431,8.445,8.427,-0.12,-0.01,29737,25090518.0,0.21,0.03
2026-02-11 13:10:00,8.433,8.433,8.436,8.426,0.02,0.002,16905,14253083.0,0.12,0.01
2026-02-11 13:15:00,8.433,8.43,8.436,8.429,-0.04,-0.003,29850,25171771.0,0.08,0.03
2026-02-11 13:20:00,8.43,8.427,8.434,8.426,-0.04,-0.003,17928,15110839.0,0.09,0.02
2026-02-11 13:25:00,8.426,8.422,8.43,8.422,-0.06,-0.005,16616,13999735.0,0.09,0.01
2026-02-11 13:30:00,8.422,8.426,8.429,8.422,0.05,0.004,10535,8876727.0,0.08,0.01
2026-02-11 13:35:00,8.427,8.425,8.428,8.423,-0.01,-0.001,18700,15756834.0,0.06,0.02
2026-02-11 13:40:00,8.426,8.427,8.432,8.426,0.02,0.002,21763,18343669.0,0.07,0.02
2026-02-11 13:45:00,8.427,8.427,8.429,8.424,0.0,0.0,7793,6566742.0,0.06,0.01
2026-02-11 13:50:00,8.427,8.432,8.436,8.427,0.06,0.005,22675,19120714.0,0.11,0.02
2026-02-11 13:55:00,8.432,8.424,8.432,8.42,-0.09,-0.008,33398,28139837.0,0.14,0.03
2026-02-11 14:00:00,8.423,8.426,8.426,8.418,0.02,0.002,25710,21654062.0,0.09,0.02
2026-02-11 14:05:00,8.425,8.421,8.426,8.42,-0.06,-0.005,45855,38628440.0,0.07,0.04
2026-02-11 14:10:00,8.42,8.421,8.423,8.418,0.0,0.0,25491,21464696.0,0.06,0.02
2026-02-11 14:15:00,8.421,8.422,8.424,8.42,0.01,0.001,19123,16106818.0,0.05,0.02
2026-02-11 14:20:00,8.422,8.418,8.422,8.413,-0.05,-0.004,39896,33581031.0,0.11,0.03
2026-02-11 14:25:00,8.418,8.417,8.42,8.416,-0.01,-0.001,47559,40035966.0,0.05,0.04
2026-02-11 14:30:00,8.417,8.409,8.419,8.409,-0.1,-0.008,83739,70462312.0,0.12,0.07
2026-02-11 14:35:00,8.408,8.417,8.417,8.407,0.1,0.008,146061,122851080.0,0.12,0.13
2026-02-11 14:40:00,8.417,8.412,8.417,8.409,-0.06,-0.005,113156,95204761.0,0.1,0.1
2026-02-11 14:45:00,8.411,8.402,8.417,8.402,-0.12,-0.01,129932,109273012.0,0.18,0.11
2026-02-11 14:50:00,8.402,8.414,8.415,8.402,0.14,0.012,166753,140223504.0,0.15,0.14
2026-02-11 14:55:00,8.414,8.402,8.414,8.401,-0.14,-0.012,111259,93533785.0,0.15,0.1
2026-02-11 15:00:00,8.403,8.411,8.415,8.402,0.11,0.009,108937,91579684.0,0.15,0.09
2026-02-12 09:35:00,8.41,8.442,8.442,8.41,0.37,0.031,194819,164268359.0,0.38,0.17
2026-02-12 09:40:00,8.44,8.441,8.448,8.435,-0.01,-0.001,93870,79239594.0,0.15,0.08
2026-02-12 09:45:00,8.44,8.423,8.446,8.413,-0.21,-0.018,105374,88822360.0,0.39,0.09
2026-02-12 09:50:00,8.423,8.448,8.452,8.423,0.3,0.025,85290,72006079.0,0.34,0.07
2026-02-12 09:55:00,8.45,8.47,8.471,8.449,0.26,0.022,150556,127347716.0,0.26,0.13
2026-02-12 10:00:00,8.471,8.468,8.472,8.461,-0.02,-0.002,41888,35467217.0,0.13,0.04
2026-02-12 10:05:00,8.468,8.478,8.48,8.467,0.12,0.01,79420,67307132.0,0.15,0.07
2026-02-12 10:10:00,8.479,8.482,8.489,8.478,0.05,0.004,54390,46136459.0,0.13,0.05
2026-02-12 10:15:00,8.483,8.465,8.485,8.465,-0.2,-0.017,86347,73164291.0,0.24,0.07
2026-02-12 10:20:00,8.465,8.467,8.469,8.457,0.02,0.002,44394,37581719.0,0.14,0.04
2026-02-12 10:25:00,8.468,8.467,8.476,8.462,0.0,0.0,30814,26090930.0,0.17,0.03
2026-02-12 10:30:00,8.469,8.466,8.469,8.463,-0.01,-0.001,11712,9915415.0,0.07,0.01
2026-02-12 10:35:00,8.466,8.469,8.474,8.462,0.04,0.003,24340,20615062.0,0.14,0.02
2026-02-12 10:40:00,8.469,8.469,8.471,8.464,0.0,0.0,13054,11053387.0,0.08,0.01
2026-02-12 10:45:00,8.469,8.459,8.474,8.459,-0.12,-0.01,34196,28943028.0,0.18,0.03
2026-02-12 10:50:00,8.461,8.471,8.472,8.459,0.14,0.012,57067,48312988.0,0.15,0.05
2026-02-12 10:55:00,8.473,8.486,8.486,8.469,0.18,0.015,88965,75420223.0,0.2,0.08
2026-02-12 11:00:00,8.487,8.479,8.488,8.479,-0.08,-0.007,47190,40046716.0,0.11,0.04
2026-02-12 11:05:00,8.479,8.498,8.499,8.479,0.22,0.019,92982,78958370.0,0.24,0.08
2026-02-12 11:10:00,8.498,8.506,8.508,8.494,0.09,0.008,103926,88349628.0,0.16,0.09
2026-02-12 11:15:00,8.507,8.513,8.514,8.507,0.08,0.007,178968,152317579.0,0.08,0.15
2026-02-12 11:20:00,8.513,8.515,8.52,8.508,0.02,0.002,125363,106738115.0,0.14,0.11
2026-02-12 11:25:00,8.515,8.508,8.515,8.504,-0.08,-0.007,57954,49310589.0,0.13,0.05
2026-02-12 11:30:00,8.508,8.502,8.508,8.498,-0.07,-0.006,57896,49224220.0,0.12,0.05
2026-02-12 13:05:00,8.498,8.505,8.507,8.498,0.04,0.003,65061,55318927.0,0.11,0.06
2026-02-12 13:10:00,8.506,8.495,8.506,8.495,-0.12,-0.01,93942,79868252.0,0.13,0.08
2026-02-12 13:15:00,8.495,8.497,8.5,8.494,0.02,0.002,49895,42395829.0,0.07,0.04
2026-02-12 13:20:00,8.497,8.493,8.497,8.491,-0.05,-0.004,84939,72146658.0,0.07,0.07
2026-02-12 13:25:00,8.493,8.486,8.494,8.485,-0.08,-0.007,72507,61549139.0,0.11,0.06
2026-02-12 13:30:00,8.486,8.495,8.496,8.485,0.11,0.009,46777,39719622.0,0.13,0.04
2026-02-12 13:35:00,8.496,8.493,8.498,8.493,-0.02,-0.002,35357,30040707.0,0.06,0.03
2026-02-12 13:40:00,8.492,8.503,8.503,8.492,0.12,0.01,33316,28309124.0,0.13,0.03
2026-02-12 13:45:00,8.503,8.505,8.506,8.502,0.02,0.002,35169,29908592.0,0.05,0.03
2026-02-12 13:50:00,8.505,8.513,8.513,8.504,0.09,0.008,63583,54096132.0,0.11,0.05
2026-02-12 13:55:00,8.513,8.51,8.513,8.506,-0.04,-0.003,69862,59454696.0,0.08,0.06
2026-02-12 14:00:00,8.51,8.516,8.516,8.509,0.07,0.006,62439,53150633.0,0.08,0.05
2026-02-12 14:05:00,8.516,8.521,8.525,8.516,0.06,0.005,84876,72310584.0,0.11,0.07
2026-02-12 14:10:00,8.521,8.524,8.526,8.518,0.04,0.003,107800,91875852.0,0.09,0.09
2026-02-12 14:15:00,8.525,8.519,8.527,8.519,-0.06,-0.005,67618,57633257.0,0.09,0.06
2026-02-12 14:20:00,8.52,8.52,8.524,8.515,0.01,0.001,68392,58263111.0,0.11,0.06
2026-02-12 14:25:00,8.519,8.519,8.524,8.517,-0.01,-0.001,107691,91756609.0,0.08,0.09
2026-02-12 14:30:00,8.52,8.516,8.52,8.513,-0.04,-0.003,43564,37099866.0,0.08,0.04
2026-02-12 14:35:00,8.516,8.509,8.519,8.507,-0.08,-0.007,126199,107416780.0,0.14,0.11
2026-02-12 14:40:00,8.509,8.514,8.517,8.509,0.06,0.005,119950,102126949.0,0.09,0.1
2026-02-12 14:45:00,8.514,8.51,8.514,8.509,-0.05,-0.004,126930,108034617.0,0.06,0.11
2026-02-12 14:50:00,8.511,8.517,8.518,8.51,0.08,0.007,250614,213394648.0,0.09,0.22
2026-02-12 14:55:00,8.517,8.511,8.517,8.511,-0.07,-0.006,141493,120457525.0,0.07,0.12
2026-02-12 15:00:00,8.511,8.514,8.519,8.509,0.04,0.003,157420,133996715.0,0.12,0.14
2026-02-13 09:35:00,8.474,8.448,8.474,8.43,-0.78,-0.066,454626,384085556.0,0.52,0.39
2026-02-13 09:40:00,8.447,8.462,8.462,8.43,0.17,0.014,271136,229036714.0,0.38,0.23
2026-02-13 09:45:00,8.462,8.482,8.484,8.46,0.24,0.02,161268,136617755.0,0.28,0.14
2026-02-13 09:50:00,8.482,8.47,8.486,8.47,-0.14,-0.012,130957,111058053.0,0.19,0.11
2026-02-13 09:55:00,8.468,8.472,8.482,8.468,0.02,0.002,97923,82974379.0,0.17,0.08
2026-02-13 10:00:00,8.471,8.482,8.483,8.461,0.12,0.01,127185,107698032.0,0.26,0.11
2026-02-13 10:05:00,8.484,8.489,8.496,8.481,0.08,0.007,134524,114234936.0,0.18,0.12
2026-02-13 10:10:00,8.489,8.485,8.491,8.478,-0.05,-0.004,56243,47712838.0,0.15,0.05
2026-02-13 10:15:00,8.485,8.476,8.485,8.473,-0.11,-0.009,46050,39033241.0,0.14,0.04
2026-02-13 10:20:00,8.476,8.482,8.485,8.476,0.07,0.006,53898,45708393.0,0.11,0.05
2026-02-13 10:25:00,8.481,8.474,8.482,8.474,-0.09,-0.008,62920,53334571.0,0.09,0.05
2026-02-13 10:30:00,8.474,8.462,8.475,8.462,-0.14,-0.012,150926,127801858.0,0.15,0.13
2026-02-13 10:35:00,8.461,8.452,8.466,8.447,-0.12,-0.01,130659,110484770.0,0.22,0.11
2026-02-13 10:40:00,8.452,8.469,8.47,8.452,0.2,0.017,35605,30140272.0,0.21,0.03
2026-02-13 10:45:00,8.469,8.46,8.47,8.458,-0.11,-0.009,18454,15617990.0,0.14,0.02
2026-02-13 10:50:00,8.46,8.463,8.464,8.459,0.04,0.003,75488,63881425.0,0.06,0.07
2026-02-13 10:55:00,8.462,8.469,8.471,8.461,0.07,0.006,89864,76079940.0,0.12,0.08
2026-02-13 11:00:00,8.47,8.464,8.47,8.46,-0.06,-0.005,12000,10156032.0,0.12,0.01
2026-02-13 11:05:00,8.463,8.459,8.464,8.455,-0.06,-0.005,42716,36134331.0,0.11,0.04
2026-02-13 11:10:00,8.459,8.451,8.46,8.451,-0.09,-0.008,92456,78201960.0,0.11,0.08
2026-02-13 11:15:00,8.45,8.448,8.456,8.447,-0.04,-0.003,153695,129876220.0,0.11,0.13
2026-02-13 11:20:00,8.444,8.432,8.444,8.421,-0.19,-0.016,360882,304376531.0,0.27,0.31
2026-02-13 11:25:00,8.432,8.434,8.434,8.425,0.02,0.002,234227,197427272.0,0.11,0.2
2026-02-13 11:30:00,8.435,8.441,8.444,8.435,0.08,0.007,81901,69131405.0,0.11,0.07
2026-02-13 13:05:00,8.441,8.448,8.452,8.441,0.08,0.007,92015,77726366.0,0.13,0.08
2026-02-13 13:10:00,8.448,8.456,8.456,8.445,0.09,0.008,44953,37987696.0,0.13,0.04
2026-02-13 13:15:00,8.456,8.447,8.46,8.445,-0.11,-0.009,40295,34067053.0,0.18,0.03
2026-02-13 13:20:00,8.447,8.442,8.452,8.44,-0.06,-0.005,25669,21675540.0,0.14,0.02
2026-02-13 13:25:00,8.442,8.435,8.442,8.435,-0.08,-0.007,69780,58888946.0,0.08,0.06
2026-02-13 13:30:00,8.434,8.43,8.439,8.43,-0.06,-0.005,48895,41241203.0,0.11,0.04
2026-02-13 13:35:00,8.43,8.432,8.432,8.424,0.02,0.002,73623,62043736.0,0.09,0.06
2026-02-13 13:40:00,8.432,8.441,8.442,8.426,0.11,0.009,55626,46898851.0,0.19,0.05
2026-02-13 13:45:00,8.442,8.45,8.452,8.438,0.11,0.009,85796,72466202.0,0.17,0.07
2026-02-13 13:50:00,8.45,8.435,8.45,8.433,-0.18,-0.015,38458,32454852.0,0.2,0.03
2026-02-13 13:55:00,8.436,8.419,8.436,8.41,-0.19,-0.016,340302,286485842.0,0.31,0.29
2026-02-13 14:00:00,8.419,8.429,8.43,8.419,0.12,0.01,70946,59779195.0,0.13,0.06
2026-02-13 14:05:00,8.429,8.428,8.436,8.422,-0.01,-0.001,110959,93491986.0,0.17,0.1
2026-02-13 14:10:00,8.428,8.418,8.43,8.417,-0.12,-0.01,226722,190959580.0,0.15,0.2
2026-02-13 14:15:00,8.417,8.402,8.417,8.4,-0.19,-0.016,573202,481890962.0,0.2,0.5
2026-02-13 14:20:00,8.403,8.41,8.412,8.401,0.1,0.008,348225,292729929.0,0.13,0.3
2026-02-13 14:25:00,8.41,8.404,8.41,8.399,-0.07,-0.006,353486,297075412.0,0.13,0.31
2026-02-13 14:30:00,8.404,8.406,8.411,8.403,0.02,0.002,234678,197267513.0,0.1,0.2
2026-02-13 14:35:00,8.407,8.424,8.425,8.404,0.21,0.018,150747,126811200.0,0.25,0.13
2026-02-13 14:40:00,8.424,8.385,8.424,8.385,-0.46,-0.039,903626,758984894.0,0.46,0.78
2026-02-13 14:45:00,8.387,8.38,8.392,8.378,-0.06,-0.005,687285,576206178.0,0.17,0.59
2026-02-13 14:50:00,8.378,8.378,8.385,8.361,-0.02,-0.002,1125580,942150619.0,0.29,0.97
2026-02-13 14:55:00,8.378,8.378,8.386,8.377,0.0,0.0,575822,482595665.0,0.11,0.5
2026-02-13 15:00:00,8.378,8.373,8.379,8.368,-0.06,-0.005,821674,687891869.0,0.13,0.71
