datetime,open,high,low,close,volume,amount,ma20,std20,upper,lower,z_score,ema12,ema26,dif,dea,macd,volume_ma20,tr,atr20,channel_high,channel_low,channel_mid,breakout_up,breakout_down,body,body_ma20
2026-01-14 09:30:00,8.246,8.383,8.246,8.32,1539041,1292588094.0,,,,,,8.32,8.32,0.0,0.0,0.0,,0.13699999999999868,,,,,False,False,0.07399999999999984,
2026-01-14 10:00:00,8.32,8.439,8.314,8.439,2314556,1958930331.0,,,,,,8.338307692307692,8.328814814814816,0.009492877492876417,0.0018985754985752835,0.015188603988602268,,0.125,,,,,False,False,0.11899999999999977,
2026-01-14 10:30:00,8.44,8.46,8.427,8.442,1651000,1404427579.0,,,,,,8.354260355029586,8.33719890260631,0.017061452423275725,0.0049311508835153724,0.024260603079520705,,0.03300000000000125,,,,,False,False,0.002000000000000668,
2026-01-14 11:00:00,8.442,8.474,8.442,8.449,1027755,876055918.0,,,,,,8.368835685025035,8.345480465376212,0.023355219648822256,0.00861596463657675,0.029478510024491013,,0.03200000000000003,,,,,False,False,0.006999999999999673,
2026-01-14 11:30:00,8.45,8.466,8.45,8.462,86595,73783084.0,,,,,,8.383168656559643,8.354111542015012,0.029057114544631446,0.01270419461818769,0.03270583985288751,,0.01699999999999946,,,,,False,False,0.012000000000000455,
2026-01-14 13:00:00,8.441,8.454,8.233,8.303,2136750,1788889044.0,,,,,,8.370835017088929,8.350325501865752,0.020509515223176678,0.014265258739185488,0.012488512967982379,,0.2289999999999992,,,,,False,False,0.1379999999999999,
2026-01-14 13:30:00,8.304,8.354,8.27,8.275,745510,623690427.0,,,,,,8.356091168306017,8.344745835060882,0.011345333245134981,0.013681273640375389,-0.004671880790480816,,0.08399999999999963,,,,,False,False,0.028999999999999915,
2026-01-14 14:00:00,8.275,8.325,8.188,8.325,1693464,1406311099.0,,,,,,8.351307911643552,8.343283180611929,0.008024731031623489,0.01254996511862501,-0.009050468174003044,,0.13699999999999868,,,,,False,False,0.049999999999998934,
2026-01-14 14:30:00,8.325,8.346,8.276,8.29,2038055,1703770597.0,,,,,,8.341875925236852,8.339336278344378,0.002539646892474323,0.010547901473394874,-0.0160165091618411,,0.07000000000000028,,,,,False,False,0.03500000000000014,
2026-01-14 15:00:00,8.29,8.305,8.289,8.303,258037,215637158.0,,,,,,8.335895013661952,8.336644702170721,-0.0007496885087689975,0.0082883834769621,-0.018076143971462195,,0.016000000000000014,,,,,False,False,0.013000000000001677,
2026-01-15 09:30:00,8.238,8.307,8.223,8.282,1445354,1204663883.0,,,,,,8.327603473098575,8.332596946454371,-0.004993473355796141,0.005632012110410452,-0.021250970932413186,,0.08399999999999963,,,,,False,False,0.04400000000000048,
2026-01-15 10:00:00,8.282,8.328,8.258,8.258,3880609,3242470427.0,,,,,,8.316895246468025,8.327071246717011,-0.010176000248986128,0.002470409638531136,-0.025292819775034527,,0.07000000000000028,,,,,False,False,0.02400000000000091,
2026-01-15 10:30:00,8.258,8.282,8.242,8.242,4386118,3648763092.0,,,,,,8.30537290085756,8.320769672886122,-0.015396772028562822,-0.0011030266948876557,-0.02858749066735033,,0.03999999999999915,,,,,False,False,0.015999999999998238,
2026-01-15 11:00:00,8.243,8.262,8.22,8.221,3545586,2944618063.0,,,,,,8.29239245457178,8.313379326746409,-0.020986872174628246,-0.005079795790835774,-0.031814152767584945,,0.041999999999999815,,,,,False,False,0.02200000000000024,
2026-01-15 11:30:00,8.219,8.226,8.207,8.225,102248,84649096.0,,,,,,8.28202438463766,8.306832709950378,-0.024808325312717372,-0.009025501695212094,-0.031565647235010555,,0.019000000000000128,,,,,False,False,0.006000000000000227,
2026-01-15 13:00:00,8.224,8.247,8.203,8.243,300046,248561687.0,,,,,,8.276020633154943,8.302104361065165,-0.02608372791022262,-0.0124371469382142,-0.02729316194401684,,0.04400000000000048,,,,,False,False,0.019000000000000128,
2026-01-15 13:30:00,8.245,8.273,8.231,8.257,1846547,1536030885.0,,,,,,8.273094381900336,8.29876329728256,-0.02566891538222471,-0.015083500627016303,-0.021170829510416815,,0.041999999999999815,,,,,False,False,0.012000000000000455,
2026-01-15 14:00:00,8.26,8.263,8.213,8.252,4163154,3454698356.0,,,,,,8.269849092377207,8.295299349335703,-0.025450256958496453,-0.017156851893312335,-0.016586810130368237,,0.05000000000000071,,,,,False,False,0.007999999999999119,
2026-01-15 14:30:00,8.244,8.267,8.213,8.236,11664969,9683743799.0,,,,,,8.26464153970379,8.290906804940466,-0.026265265236675717,-0.018978534561985012,-0.014573461349381409,,0.05400000000000027,,,,,False,False,0.007999999999999119,
2026-01-15 15:00:00,8.237,8.28,8.235,8.277,338372,281379137.0,8.30505,0.0789846587369321,8.463019317473863,8.147080682526136,-0.35513225540955046,8.266542841287823,8.289876671241172,-0.02333382995334965,-0.019849593640257943,-0.006968472626183414,2258188.3,0.04499999999999993,0.06849999999999987,8.474,8.188,8.331,False,False,0.03999999999999915,0.03389999999999995
2026-01-16 09:30:00,8.318,8.353,8.306,8.318,3541322,2948700581.0,8.304950000000002,0.07896599867897935,8.462881997357961,8.147018002642042,0.16526100116899933,8.274459327243543,8.291959880778863,-0.017500553535320762,-0.019379785619270506,0.003758464167899489,2358302.35,0.07600000000000051,0.06544999999999997,8.474,8.188,8.331,False,False,0.0,0.03019999999999996
2026-01-16 10:00:00,8.317,8.317,8.244,8.246,4903786,4062394125.0,8.295300000000001,0.0733126685397635,8.441925337079528,8.148674662920474,-0.672462222177346,8.270080969206075,8.288555445165613,-0.018474475959537884,-0.019198723687323983,0.001448495455572199,2487763.85,0.07399999999999984,0.06289999999999996,8.474,8.188,8.331,False,False,0.07099999999999973,0.027799999999999957
2026-01-16 10:30:00,8.247,8.281,8.247,8.269,1655981,1368971703.0,8.28665,0.06480519391140593,8.416260387822811,8.157039612177188,-0.2723547131751312,8.269914666251294,8.287106893671865,-0.017192227420570916,-0.01879742443397337,0.003210394026804911,2488012.9,0.03500000000000014,0.0629999999999999,8.474,8.188,8.331,False,False,0.02200000000000024,0.028799999999999937
2026-01-16 11:00:00,8.267,8.306,8.245,8.293,4426827,3659575438.0,8.27885,0.05244573636777463,8.383741472735549,8.173958527264451,0.2698026756793425,8.273466256058787,8.287543420066541,-0.014077164007753495,-0.0178533723487294,0.007552416681951807,2657966.5,0.06099999999999994,0.0644499999999999,8.466,8.188,8.327,False,False,0.0259999999999998,0.029749999999999943
2026-01-16 11:30:00,8.293,8.294,8.251,8.251,826985,683492153.0,8.2683,0.03014543694195411,8.328590873883908,8.208009126116092,-0.5738845329497853,8.27000990897282,8.284836500061612,-0.014826591088791474,-0.017248016096741814,0.004842850015900679,2694986.0,0.04300000000000104,0.06574999999999998,8.454,8.188,8.321000000000002,False,False,0.041999999999999815,0.03124999999999991
2026-01-16 13:00:00,8.252,8.282,8.24,8.278,2676893,2209797598.0,8.267050000000001,0.029132139965125276,8.325314279930252,8.20878572006975,0.3758735202119664,8.271239153746233,8.284330092649641,-0.0130909389034084,-0.016416600658075133,0.006651323509333465,2721993.15,0.041999999999999815,0.056400000000000006,8.354,8.188,8.271,False,False,0.0259999999999998,0.025649999999999906
2026-01-16 13:30:00,8.28,8.331,8.277,8.295,963332,799957373.0,8.268049999999999,0.029755981265165952,8.32756196253033,8.208538037469667,0.9057002610614743,8.274894668554504,8.285120456157076,-0.010225787602571756,-0.015178438046974458,0.009905300888805403,2732884.25,0.05400000000000027,0.05490000000000004,8.353,8.188,8.2705,False,False,0.015000000000000568,0.024949999999999938
2026-01-16 14:00:00,8.298,8.316,8.264,8.284,776219,643033985.0,8.266000000000002,0.026901379342453947,8.31980275868491,8.212197241315094,0.6691106716447256,8.276295488776888,8.2850374594047,-0.008741970627811568,-0.013891144563141881,0.010298347870660626,2687022.0,0.05200000000000138,0.050650000000000174,8.353,8.203,8.277999999999999,False,False,0.013999999999999346,0.02314999999999996
2026-01-16 14:30:00,8.285,8.306,8.278,8.285,639890,530303523.0,8.26575,0.026688998324763784,8.319127996649527,8.212372003350474,0.7212709808647313,8.277634644349675,8.285034684633981,-0.007400040284306186,-0.012592923707374743,0.010385766846137113,2617113.75,0.027999999999998693,0.04855000000000009,8.353,8.203,8.277999999999999,False,False,0.0,0.021399999999999954
2026-01-16 15:00:00,8.284,8.299,8.284,8.295,96315,79883131.0,8.26535,0.026155959369264414,8.317661918738528,8.213038081261471,1.1335848775954886,8.280306237526649,8.285772856142575,-0.005466618615926677,-0.01116766268908513,0.011402088146316904,2609027.65,0.014999999999998792,0.04850000000000003,8.353,8.203,8.277999999999999,False,False,0.010999999999999233,0.02129999999999983
2026-01-19 09:30:00,8.27,8.364,8.25,8.361,1276982,1060368875.0,8.2693,0.03368444901231822,8.336668898024636,8.201931101975363,2.7223244757979277,8.292720662522548,8.29134523716905,0.0013754253534976613,-0.008659045080568572,0.020068940868132466,2600609.05,0.11400000000000077,0.050000000000000086,8.364,8.203,8.2835,True,False,0.09100000000000108,0.02364999999999986
2026-01-19 10:00:00,8.362,8.397,8.357,8.357,1931178,1616534318.0,8.27425,0.03881925051474626,8.351888501029492,8.196611498970508,2.1316743343245323,8.302609791365233,8.296208552934306,0.006401238430926881,-0.005646988378269482,0.024096453618392726,2503137.5,0.040000000000000924,0.04850000000000012,8.397,8.203,8.3,False,False,0.005000000000000782,0.022699999999999852
2026-01-19 10:30:00,8.357,8.359,8.311,8.355,4173122,3481945559.0,8.2799,0.04197355056900432,8.363847101138008,8.195952898861991,1.7892219977086947,8.31066982346289,8.300563474939173,0.010106348523716946,-0.0024963209978721966,0.025205339043178284,2492487.7,0.04800000000000004,0.048900000000000166,8.397,8.203,8.3,False,False,0.0019999999999988916,0.021999999999999888
2026-01-19 11:00:00,8.355,8.379,8.346,8.355,535940,448289075.0,8.2866,0.04276422508790258,8.372128450175806,8.201071549824194,1.5994677761470744,8.317489850622446,8.304595810128864,0.012894040493581116,0.0005817513004184659,0.0246245783863253,2342005.4,0.032999999999999474,0.048450000000000146,8.397,8.203,8.3,False,False,0.0,0.020899999999999874
2026-01-19 11:30:00,8.355,8.357,8.35,8.355,71886,60052753.0,8.293099999999999,0.0427882177584877,8.378676435516974,8.207523564483024,1.446659927491899,8.323260642834377,8.308329453823022,0.014931189011354817,0.0034516388426057364,0.02295910033749816,2340487.3,0.006999999999999673,0.04785000000000013,8.397,8.203,8.3,False,False,0.0,0.02059999999999986
2026-01-19 13:00:00,8.355,8.384,8.352,8.376,426349,356893894.0,8.29975,0.04487629194739438,8.389502583894789,8.20999741610521,1.6991154280167122,8.331374390090627,8.313342086873169,0.01803230321745808,0.006367771717576205,0.02332906299976375,2346802.45,0.03200000000000003,0.047250000000000104,8.397,8.213,8.305,False,False,0.02099999999999902,0.02069999999999981
2026-01-19 13:30:00,8.376,8.386,8.321,8.328,3806351,3176624190.0,8.303299999999998,0.04411838141804131,8.39153676283608,8.215063237163916,0.5598573475748704,8.330855253153608,8.314427858215897,0.01642739493771117,0.008379696361603198,0.016095397152215946,2444792.65,0.0649999999999995,0.04840000000000009,8.397,8.213,8.305,False,False,0.04800000000000004,0.022499999999999788
2026-01-19 14:00:00,8.327,8.371,8.327,8.366,1577329,1315952207.0,8.309000000000001,0.04450428719738993,8.398008574394781,8.21999142560522,1.2807754845547,8.336262137283821,8.318248016866571,0.018014120417250368,0.010306581172732632,0.01541507848903547,2315501.4,0.04400000000000048,0.04810000000000007,8.397,8.213,8.305,False,False,0.0389999999999997,0.024049999999999815
2026-01-19 14:30:00,8.366,8.369,8.347,8.351,1203074,1005235617.0,8.31475,0.04193086415066399,8.398611728301328,8.230888271698673,0.8645183144747268,8.338529500778618,8.32067408969127,0.017855411087348116,0.01181634715565573,0.012078127863384774,1792406.65,0.02200000000000024,0.046500000000000076,8.397,8.235,8.315999999999999,False,False,0.014999999999998792,0.0243999999999998
2026-01-19 15:00:00,8.351,8.351,8.347,8.348,213645,178376678.0,8.3183,0.04157061208923992,8.40144122417848,8.235158775821521,0.714447021762462,8.339986500658831,8.32269823119562,0.017288269463211492,0.012910731617166882,0.00875507569208922,1786170.3,0.004000000000001336,0.04445000000000014,8.397,8.24,8.3185,False,False,0.0030000000000001137,0.022549999999999848
2026-01-20 09:30:00,8.356,8.414,8.331,8.337,3350523,2801818938.0,8.31925,0.04177996875865346,8.402809937517308,8.235690062482693,0.4248447408501978,8.33952703901901,8.323757621477425,0.015769417541585895,0.013482468802050685,0.004573897479070419,1776630.35,0.08300000000000018,0.04480000000000013,8.414,8.24,8.327,False,False,0.019000000000000128,0.023499999999999854
2026-01-20 10:00:00,8.336,8.34,8.206,8.234,4198496,3471704400.0,8.318650000000002,0.042956863308015576,8.404563726616033,8.23273627338397,-1.9705814969084654,8.323292109939162,8.317108908775394,0.006183201163768359,0.01202261527439422,-0.01167882822125172,1741365.85,0.13400000000000034,0.047800000000000155,8.414,8.206,8.309999999999999,False,True,0.10200000000000031,0.025049999999999885
2026-01-20 10:30:00,8.231,8.277,8.201,8.268,2797300,2304789807.0,8.3186,0.04301823358824727,8.404636467176495,8.232563532823505,-1.176245414544948,8.314785631486984,8.313471211829068,0.0013144196579162326,0.009880976151098623,-0.01713311298636478,1798431.8,0.07599999999999874,0.04985000000000008,8.414,8.201,8.307500000000001,False,False,0.03700000000000081,0.025799999999999913
2026-01-20 11:00:00,8.265,8.298,8.232,8.274,1353561,1117392780.0,8.31765,0.043815732574647305,8.405281465149296,8.230018534850705,-0.996217509900955,8.308510918950525,8.310547418360247,-0.002036499409722836,0.007497481038934332,-0.019067960897314336,1644768.5,0.06600000000000072,0.050100000000000124,8.414,8.201,8.307500000000001,False,False,0.008999999999998565,0.02494999999999985
2026-01-20 11:30:00,8.275,8.282,8.259,8.26,71836,59404088.0,8.3181,0.04313613700587762,8.404372274011754,8.231827725988245,-1.346898541055798,8.301047700650443,8.306803165148377,-0.005755464497934071,0.004846891931560651,-0.021204712858989443,1607011.05,0.022999999999999687,0.04910000000000005,8.414,8.201,8.307500000000001,False,False,0.015000000000000568,0.02359999999999989
2026-01-20 13:00:00,8.259,8.279,8.239,8.27,478906,395538904.0,8.3177,0.04356253822773046,8.404825076455461,8.23057492354454,-1.0949775183126615,8.296271131319605,8.304077004767016,-0.007805873447411571,0.002316338855766207,-0.020244424606355556,1497111.7,0.03999999999999915,0.04900000000000002,8.414,8.201,8.307500000000001,False,False,0.010999999999999233,0.02284999999999986
2026-01-20 13:30:00,8.27,8.327,8.268,8.315,2763757,2291844116.0,8.318700000000002,0.043242401218691245,8.405184802437384,8.232215197562619,-0.08556416608989637,8.299152495731974,8.304886115525015,-0.0057336197930411,0.0007063471260047454,-0.012879933838091691,1587132.95,0.058999999999999275,0.049249999999999974,8.414,8.201,8.307500000000001,False,False,0.04499999999999993,0.024349999999999827
2026-01-20 14:00:00,8.314,8.316,8.272,8.287,510757,423529231.0,8.31885,0.04312073014712793,8.405091460294255,8.232608539705744,-0.738623856584209,8.297282881003978,8.303561218078718,-0.006278337074739682,-0.0006905897141441401,-0.011175494721191084,1573859.85,0.04400000000000048,0.04884999999999993,8.414,8.201,8.307500000000001,False,False,0.026999999999999247,0.02499999999999982
2026-01-20 14:30:00,8.287,8.315,8.258,8.315,506706,419682928.0,8.32035,0.04239696488640822,8.405143929772816,8.235556070227183,-0.12618827820184575,8.30000859161875,8.304408535258071,-0.004399943639320725,-0.001432460499179457,-0.005934966280282535,1567200.65,0.057000000000000384,0.05030000000000001,8.414,8.201,8.307500000000001,False,False,0.027999999999998693,0.026399999999999757
2026-01-20 15:00:00,8.315,8.325,8.314,8.324,110718,92143381.0,8.3218,0.04197818982582529,8.40575637965165,8.237843620348348,0.05240816741094314,8.303699577523558,8.305859754868585,-0.002160177345027492,-0.001578003868349064,-0.0011643469533568558,1567920.8,0.010999999999999233,0.05010000000000003,8.414,8.201,8.307500000000001,False,False,0.009000000000000341,0.026299999999999813
2026-01-21 09:30:00,8.282,8.391,8.28,8.345,1191965,994881560.0,8.321,0.04133941664345831,8.403678833286916,8.238321166713083,0.5805597163354929,8.31005348867378,8.308759032285726,0.0012944563880541438,-0.0010035118170684224,0.004595936410245132,1563669.95,0.11100000000000065,0.04995000000000003,8.414,8.201,8.307500000000001,False,False,0.06300000000000061,0.02489999999999979
2026-01-21 10:00:00,8.346,8.415,8.346,8.405,722114,606013146.0,8.3234,0.04478886139726653,8.412977722794533,8.233822277205466,1.8218815449722496,8.32466064426243,8.315887992857153,0.008772651405276832,0.0009517208274006286,0.015641861155752407,1503216.75,0.06999999999999851,0.051449999999999906,8.415,8.201,8.308,False,False,0.058999999999999275,0.027599999999999715
2026-01-21 10:30:00,8.405,8.425,8.382,8.384,1034508,869708235.0,8.324850000000001,0.04630934315187697,8.417468686303755,8.232231313696248,1.2772800470524814,8.333789775914363,8.320933326719587,0.012856449194776687,0.0033326665008758406,0.019047565387801692,1346286.05,0.04300000000000104,0.051199999999999954,8.425,8.201,8.313,False,False,0.02099999999999902,0.02854999999999972
2026-01-21 11:00:00,8.385,8.43,8.385,8.397,2262648,1902515150.0,8.32695,0.048642059989276856,8.424234119978554,8.229665880021447,1.440111706112831,8.343514425773693,8.32656789511073,0.016946530662963255,0.006055439333293324,0.021782182659339865,1432621.45,0.045999999999999375,0.05184999999999995,8.43,8.201,8.3155,False,False,0.012000000000000455,0.029149999999999742
2026-01-21 11:30:00,8.397,8.405,8.383,8.383,940282,789014557.0,8.32835,0.049879090651403536,8.428108181302807,8.228591818697193,1.0956494853111556,8.349589129500817,8.330748051028452,0.018841078472364714,0.008612567161107601,0.020457022622514226,1476041.25,0.02200000000000024,0.05259999999999998,8.43,8.201,8.3155,False,False,0.014000000000001123,0.0298499999999998
2026-01-21 13:00:00,8.382,8.403,8.378,8.391,2164715,1815673907.0,8.3291,0.05073864923622031,8.430577298472441,8.22762270152756,1.2199772940705655,8.355960032654536,8.335211158359678,0.020748874294858055,0.011039828587857691,0.019418091414000728,1562959.55,0.025000000000000355,0.05225,8.43,8.201,8.3155,False,False,0.009000000000000341,0.029249999999999866
2026-01-21 13:30:00,8.392,8.424,8.381,8.417,287229,241346877.0,8.33355,0.054407308913034025,8.442364617826069,8.224735382173932,1.5338012790411608,8.36535079686153,8.341269591073777,0.024081205787753746,0.013648104027836902,0.020866203519833686,1387003.45,0.04299999999999926,0.05114999999999999,8.43,8.201,8.3155,False,False,0.025000000000000355,0.028099999999999882
2026-01-21 14:00:00,8.417,8.43,8.404,8.413,711638,599249132.0,8.335899999999999,0.05684318225100949,8.449586364502018,8.22221363549798,1.3563631898640274,8.372681443498218,8.346582954697942,0.026098488800275987,0.01613818098232472,0.019920615635902535,1343718.9,0.0259999999999998,0.05024999999999995,8.43,8.201,8.3155,False,False,0.0039999999999995595,0.026349999999999874
2026-01-21 14:30:00,8.412,8.426,8.405,8.419,803869,676670852.0,8.3393,0.05975308844693972,8.45880617689388,8.21979382310612,1.333822268798269,8.379807375267722,8.351947180275872,0.027860194991850662,0.018482583784229907,0.01875522241524151,1323758.65,0.021000000000000796,0.05019999999999998,8.43,8.201,8.3155,False,False,0.006999999999999673,0.025949999999999918
2026-01-21 15:00:00,8.42,8.435,8.415,8.432,221977,186944285.0,8.343499999999999,0.06324680145855026,8.4699936029171,8.217006397082898,1.3992802475236852,8.387837009841919,8.357877018773955,0.029959991067963543,0.020778065240976636,0.018363851653973813,1324175.25,0.02000000000000135,0.050999999999999976,8.435,8.201,8.318000000000001,True,False,0.012000000000000455,0.026399999999999934
2026-01-22 09:30:00,8.46,8.496,8.435,8.442,918287,776827910.0,8.348749999999999,0.0669295584138586,8.482609116827716,8.214890883172282,1.393255867958821,8.396169777558546,8.364108350716625,0.03206142684192059,0.02303473756116543,0.018053378561510326,1202563.45,0.06400000000000006,0.05004999999999997,8.496,8.201,8.348500000000001,True,False,0.018000000000000682,0.026349999999999964
2026-01-22 10:00:00,8.443,8.467,8.419,8.443,691383,583680409.0,8.3592,0.0643359603136075,8.487871920627214,8.230528079372785,1.3025374859023566,8.403374427164923,8.369952176589468,0.03342225057545534,0.02511224016402341,0.016620020822863853,1027207.8,0.04800000000000004,0.04574999999999996,8.496,8.201,8.348500000000001,False,False,0.0,0.021249999999999946
2026-01-22 10:30:00,8.443,8.455,8.43,8.441,602673,508867891.0,8.36785,0.06304574362694183,8.493941487253885,8.241758512746117,1.1602686524382637,8.409162976831858,8.375214978323582,0.033947998508276456,0.026879391832874022,0.014137213350804867,917476.45,0.025000000000000355,0.04320000000000004,8.496,8.232,8.364,False,False,0.0019999999999988916,0.01949999999999985
2026-01-22 11:00:00,8.44,8.448,8.417,8.427,511964,431840235.0,8.375499999999999,0.06028048475340618,8.49606096950681,8.254939030493187,0.8543395132052374,8.411907134242341,8.379050905855168,0.03285622838717295,0.02807475914373381,0.009562938486878274,875396.6,0.031000000000000583,0.04145000000000003,8.496,8.239,8.3675,False,False,0.0129999999999999,0.01969999999999992
2026-01-22 11:30:00,8.427,8.431,8.419,8.422,46302,39016038.0,8.3836,0.05455600695374626,8.492712013907491,8.274487986092508,0.7038638299272422,8.413459882820444,8.382232320236266,0.031227562584177804,0.02870531983182261,0.005044485504710386,874119.9,0.011999999999998678,0.04089999999999998,8.496,8.239,8.3675,False,False,0.004999999999999005,0.01919999999999984
2026-01-22 13:00:00,8.422,8.442,8.404,8.417,442246,372460589.0,8.39095,0.04794786093686998,8.48684572187374,8.29505427812626,0.5432984807038239,8.414004516232684,8.384807703922469,0.029196812310214426,0.028803618327500974,0.0007863879654269046,872286.9,0.038000000000000256,0.04080000000000004,8.496,8.258,8.376999999999999,False,False,0.005000000000000782,0.018899999999999917
2026-01-22 13:30:00,8.416,8.439,8.416,8.434,539483,454723946.0,8.396899999999999,0.04533953775912249,8.487579075518244,8.306220924481753,0.8182703625498676,8.417080744504577,8.38845157770599,0.028629166798587846,0.02876872802171835,-0.000279122446261007,761073.2,0.022999999999999687,0.039000000000000055,8.496,8.258,8.376999999999999,False,False,0.017999999999998906,0.017549999999999864
2026-01-22 14:00:00,8.433,8.452,8.431,8.439,439756,371195969.0,8.4045,0.03811133275301366,8.480722665506027,8.328277334493974,0.9052425488130282,8.42045293765772,8.392195905283325,0.028257032374394697,0.02866638889225362,-0.000818713035717844,757523.15,0.021000000000000796,0.03785000000000007,8.496,8.258,8.376999999999999,False,False,0.006000000000000227,0.016499999999999914
2026-01-22 14:30:00,8.441,8.458,8.429,8.455,476756,402588294.0,8.4115,0.033369541737786626,8.478239083475573,8.344760916524427,1.3035839791213504,8.425767870325762,8.396848060447523,0.028919809878239278,0.02871707308945075,0.0004054735775770521,756025.65,0.028999999999999915,0.03645000000000005,8.496,8.28,8.388,False,False,0.013999999999999346,0.015799999999999946
2026-01-22 15:00:00,8.457,8.473,8.457,8.469,139718,118254905.0,8.41875,0.028796701199970746,8.47634340239994,8.361156597600058,1.7449915409078585,8.432418967198721,8.40219264856252,0.030226318636200844,0.029018922198800774,0.002414792874800141,757475.65,0.018000000000000682,0.036800000000000124,8.496,8.28,8.388,False,False,0.011999999999998678,0.015949999999999864
2026-01-23 09:30:00,8.505,8.566,8.493,8.563,932653,796221486.0,8.42965,0.038898349308778675,8.507446698617558,8.351853301382443,3.4281660371100973,8.452508356860456,8.414104304224557,0.03840405263589908,0.030895948286220436,0.015016208699357284,744510.05,0.09700000000000131,0.03610000000000015,8.566,8.346,8.456,True,False,0.05799999999999983,0.015699999999999825
2026-01-23 10:00:00,8.563,8.607,8.559,8.588,963201,827065444.0,8.4388,0.05208353613995955,8.54296707227992,8.334632927720081,2.8646288454583133,8.47335322503577,8.426985466874589,0.04636775816118188,0.03399031026121273,0.02475489579993831,756564.4,0.04800000000000004,0.03500000000000023,8.607,8.378,8.4925,True,False,0.02499999999999858,0.01399999999999979
2026-01-23 10:30:00,8.588,8.61,8.569,8.603,688852,591786293.0,8.449749999999998,0.062027901192254827,8.573805802384507,8.325694197615489,2.4706623479811918,8.493298882722575,8.440023580439433,0.05327530228314181,0.037847308665598545,0.030855987235086535,739281.6,0.04099999999999859,0.03490000000000011,8.61,8.378,8.494,False,False,0.015000000000000568,0.013699999999999869
2026-01-23 11:00:00,8.601,8.623,8.591,8.605,726145,624841330.0,8.46015,0.06968294739672716,8.599515894793456,8.320784105206545,2.0787008215270064,8.510483669996026,8.452244055962439,0.05823961403358702,0.04192576973919624,0.03262768858878155,662456.45,0.03200000000000003,0.03420000000000014,8.623,8.378,8.500499999999999,False,False,0.0039999999999995595,0.013299999999999822
2026-01-23 11:30:00,8.606,8.61,8.602,8.608,55286,47580348.0,8.4714,0.07456357231108043,8.62052714462216,8.322272855377838,1.831993770766561,8.525486182304329,8.463781533298555,0.061704649005774215,0.04588154559251184,0.03164620682652475,618206.65,0.007999999999999119,0.033500000000000085,8.623,8.378,8.500499999999999,False,False,0.002000000000000668,0.0126999999999998
2026-01-23 13:00:00,8.605,8.656,8.603,8.64,463778,400175657.0,8.48385,0.0809472050166043,8.64574441003321,8.321955589966791,1.9290351034105497,8.543103692719047,8.476834753054218,0.06626893966482861,0.049959024406975194,0.03261983051570683,533159.8,0.053000000000000824,0.03490000000000011,8.656,8.381,8.5185,True,False,0.03500000000000014,0.01399999999999979
2026-01-23 13:30:00,8.641,8.675,8.635,8.675,602816,521602376.0,8.49675,0.08980615088534956,8.6763623017707,8.3171376982293,1.9848306406936642,8.563395432300732,8.491513660235388,0.07188177206534441,0.05434357393864904,0.035076396253390735,548939.15,0.040000000000000924,0.03475000000000019,8.675,8.404,8.5395,True,False,0.034000000000000696,0.014449999999999807
2026-01-23 14:00:00,8.676,8.689,8.663,8.685,988132,857489528.0,8.51035,0.09678042157378727,8.703910843147575,8.316789156852426,1.8046005293213483,8.58210382733139,8.505845981699432,0.07625784563195737,0.058726428277310706,0.03506283470929332,562763.85,0.0259999999999998,0.03475000000000019,8.689,8.404,8.5465,True,False,0.009000000000000341,0.014699999999999847
2026-01-23 14:30:00,8.685,8.693,8.669,8.692,1023638,888629120.0,8.524,0.10231221566208079,8.72862443132416,8.319375568675838,1.6420326635763165,8.599010930818867,8.519635168240214,0.07937576257865331,0.06285629513757923,0.03303893488214815,573752.3,0.023999999999999133,0.03490000000000011,8.693,8.404,8.5485,True,False,0.006999999999999673,0.014699999999999847
2026-01-23 15:00:00,8.692,8.725,8.692,8.719,248956,216784811.0,8.538350000000001,0.10865942689261436,8.75566885378523,8.321031146214773,1.6625340770343882,8.617470787615964,8.534402933555754,0.08306785406021078,0.06689860692210554,0.03233849427621047,575101.25,0.032999999999999474,0.03555000000000001,8.725,8.404,8.564499999999999,True,False,0.026999999999999247,0.015449999999999787
2026-01-26 09:30:00,8.763,8.787,8.593,8.6,2496747,2169343893.0,8.54625,0.10701690717383126,8.760283814347662,8.332216185652339,0.5022570864685063,8.614782974136585,8.539261975514586,0.07552099862199846,0.06862308526208413,0.013795826719828652,654024.25,0.19400000000000084,0.04205000000000005,8.787,8.404,8.595500000000001,False,False,0.16300000000000026,0.022699999999999766
2026-01-26 10:00:00,8.598,8.635,8.584,8.599,3248959,2796609618.0,8.55405,0.10475659758144998,8.7635631951629,8.3445368048371,0.4290899192774057,8.612354824269417,8.543687014365357,0.06866780990405985,0.06863203019047928,7.155942716113861e-05,781903.05,0.051000000000000156,0.04220000000000006,8.787,8.404,8.595500000000001,False,False,0.0009999999999994458,0.022749999999999736
2026-01-26 10:30:00,8.599,8.625,8.588,8.605,1842556,1584851334.0,8.56225,0.1018191766655075,8.765888353331016,8.358611646668985,0.4198619690320275,8.611223312843352,8.54822871700496,0.06299459583839173,0.06750454332006177,-0.009019894963340075,843897.2,0.03700000000000081,0.04280000000000008,8.787,8.404,8.595500000000001,False,False,0.006000000000000227,0.022949999999999804
2026-01-26 11:00:00,8.604,8.604,8.55,8.595,2822305,2421250745.0,8.57065,0.09688423640178816,8.764418472803577,8.376881527196424,0.2513308759437224,8.60872741855976,8.551693256486075,0.05703416207368406,0.06541046707078624,-0.01675260999420436,959414.25,0.054999999999999716,0.04400000000000004,8.787,8.404,8.595500000000001,False,False,0.008999999999998565,0.022749999999999736
2026-01-26 11:30:00,8.595,8.605,8.588,8.591,148010,127266844.0,8.5791,0.09038915864195023,8.759878317283901,8.3983216827161,0.13165295682347508,8.606000123396718,8.554604867116737,0.05139525627998154,0.0626074249126253,-0.02242433726528753,964499.65,0.017000000000001236,0.044250000000000164,8.787,8.404,8.595500000000001,False,False,0.004000000000001336,0.022699999999999852
2026-01-26 13:00:00,8.59,8.602,8.567,8.567,1444242,1239126097.0,8.5866,0.0820714707787614,8.750742941557524,8.422457058442477,-0.23881623923660242,8.600000104412608,8.55552302510809,0.044477079304517275,0.0589813557910037,-0.029008552972972848,1014599.45,0.03500000000000014,0.04410000000000016,8.787,8.416,8.601500000000001,False,False,0.022999999999999687,0.023599999999999798
2026-01-26 13:30:00,8.566,8.566,8.517,8.547,2343425,2002332553.0,8.59225,0.07455896642043663,8.741367932840873,8.443132067159127,-0.6069021899369612,8.591846242195285,8.5548916899149,0.03695455228038469,0.054575995088879906,-0.03524288561699043,1104796.55,0.05000000000000071,0.04545000000000021,8.787,8.429,8.608,False,False,0.019000000000000128,0.02364999999999986
2026-01-26 14:00:00,8.547,8.588,8.536,8.588,824209,704773825.0,8.5997,0.0653106745526784,8.730321349105358,8.469078650894643,-0.1791437629474206,8.59125451262678,8.557344157328611,0.033910355298168326,0.0504428671307376,-0.03306502366513854,1124019.2,0.0519999999999996,0.04700000000000015,8.787,8.429,8.608,False,False,0.04099999999999859,0.025399999999999777
2026-01-26 14:30:00,8.589,8.608,8.575,8.575,1050563,902422040.0,8.6057,0.056193369153679,8.718086738307358,8.493313261692643,-0.5463278045500737,8.588753818376507,8.558651997526491,0.03010182085001567,0.04637465787459322,-0.03254567404915509,1152709.55,0.03300000000000125,0.04720000000000022,8.787,8.457,8.622,False,False,0.014000000000001123,0.025399999999999867
2026-01-26 15:00:00,8.576,8.581,8.562,8.564,446247,382417704.0,8.61045,0.04734917884020384,8.705148357680407,8.515751642319593,-0.9810096212388745,8.584945538626275,8.559048145857862,0.02589739276841385,0.042279204853357344,-0.032763624169886985,1168036.0,0.019000000000000128,0.047250000000000195,8.787,8.493,8.64,False,False,0.012000000000000455,0.025399999999999957
2026-01-27 09:30:00,8.542,8.594,8.468,8.475,2458682,2093096434.0,8.60605,0.055395681952178276,8.716841363904356,8.495258636095643,-2.365707856311478,8.56803084037608,8.552822357275797,0.015208483100282777,0.036865060502742436,-0.04331315480491932,1244337.45,0.12599999999999945,0.0487000000000001,8.787,8.468,8.627500000000001,False,True,0.06700000000000017,0.025849999999999974
2026-01-27 10:00:00,8.475,8.52,8.437,8.499,1510017,1279757115.0,8.6016,0.06028127054854511,8.72216254109709,8.48103745890291,-1.7020211927579414,8.557410711087453,8.548835515996108,0.008575195091344412,0.031207087420462833,-0.04526378465823684,1271678.25,0.08300000000000018,0.050450000000000106,8.787,8.437,8.612,False,False,0.02400000000000091,0.02580000000000009
2026-01-27 10:30:00,8.499,8.551,8.478,8.5,1363187,1160115998.0,8.59645,0.06441352832735123,8.725277056654702,8.4676229433453,-1.4973562620237073,8.548578293997076,8.545218070366767,0.0033602236303096333,0.025637714662432195,-0.04455498206424512,1305395.0,0.0730000000000004,0.05205000000000019,8.787,8.437,8.612,False,False,0.0009999999999994458,0.025100000000000032
2026-01-27 11:00:00,8.501,8.53,8.5,8.51,765462,651894414.0,8.5917,0.0671926531071551,8.72608530621431,8.457314693785689,-1.215906743103432,8.542643171843679,8.542609324413673,3.384743000545143e-05,0.020516941215946848,-0.04096618757188279,1307360.85,0.02999999999999936,0.05195000000000016,8.787,8.437,8.612,False,False,0.009000000000000341,0.025350000000000074
2026-01-27 11:30:00,8.51,8.52,8.509,8.518,32853,27973503.0,8.5872,0.06903210542165786,8.725264210843315,8.449135789156683,-1.0024321231014934,8.53885191463696,8.540786411494143,-0.0019344968571832766,0.016026653601320825,-0.0359223009170082,1306239.2,0.010999999999999233,0.05210000000000017,8.787,8.437,8.612,False,False,0.008000000000000895,0.025650000000000082
2026-01-27 13:00:00,8.518,8.577,8.515,8.565,309643,264746756.0,8.583450000000001,0.06804292375907812,8.719535847518157,8.447364152481844,-0.271152369426804,8.542874697000505,8.542580010642725,0.00029468635777973873,0.01288026015261261,-0.02517114758966574,1298532.45,0.06199999999999939,0.0525500000000001,8.787,8.437,8.612,False,False,0.04699999999999882,0.026250000000000016
2026-01-27 13:30:00,8.561,8.65,8.551,8.635,2407147,2072730702.0,8.58145,0.06575991019970434,8.712969820399408,8.449930179600592,0.8143259295424085,8.55704782053889,8.5494259357803,0.007621884758588493,0.011828585073807787,-0.008413400630438588,1388749.0,0.0990000000000002,0.05550000000000006,8.787,8.437,8.612,False,False,0.07399999999999984,0.028249999999999977
2026-01-27 14:00:00,8.635,8.67,8.608,8.616,3129640,2702518720.0,8.578,0.06172775542228287,8.701455510844566,8.454544489155433,0.6156063790111956,8.566117386609829,8.554357347944723,0.011760038665105554,0.011814875792067341,-0.00010967425392357372,1495824.4,0.06199999999999939,0.05730000000000004,8.787,8.437,8.612,False,False,0.019000000000000128,0.028749999999999963
2026-01-27 14:30:00,8.611,8.633,8.594,8.628,2595957,2236067988.0,8.5748,0.056983469440471744,8.688766938880944,8.460833061119056,0.9336040876832917,8.575637788669855,8.559812359208077,0.015825429461777674,0.012616986526009408,0.006416885871536531,1574440.35,0.0389999999999997,0.05805000000000007,8.787,8.437,8.612,False,False,0.01699999999999946,0.029249999999999953
2026-01-27 15:00:00,8.629,8.633,8.618,8.619,173923,150002902.0,8.569799999999999,0.047214627528246934,8.664229255056492,8.475370744943506,1.0420499445974891,8.582308898105262,8.564196628896367,0.018112269208895526,0.013716043062586633,0.008792452292617787,1570688.7,0.014999999999998792,0.057150000000000034,8.787,8.437,8.612,False,False,0.009999999999999787,0.02839999999999998
2026-01-28 09:30:00,8.645,8.661,8.598,8.605,4285186,3697259357.0,8.570049999999998,0.047395841478690956,8.66484168295738,8.475258317042616,0.7374064666773659,8.585799836858298,8.56721910082997,0.018580736028328104,0.014688981655734928,0.007783508745186352,1660110.65,0.06299999999999883,0.05059999999999994,8.67,8.437,8.5535,False,False,0.03999999999999915,0.022249999999999926
2026-01-28 10:00:00,8.605,8.634,8.596,8.619,1752745,1509046089.0,8.57105,0.048242234171877396,8.667534468343755,8.474565531656244,0.9939423582490797,8.590907554264714,8.571054722990713,0.01985283127400095,0.015721751579388134,0.008262159389225629,1585299.95,0.038000000000000256,0.04994999999999994,8.67,8.437,8.5535,False,False,0.013999999999999346,0.02289999999999992
2026-01-28 10:30:00,8.62,8.65,8.615,8.618,2239860,1932141154.0,8.5717,0.048808001932378844,8.669316003864758,8.474083996135242,0.9486149435936118,8.595075622839374,8.574532150917326,0.020543471922048084,0.016686095647920125,0.007714752548255918,1605165.15,0.03500000000000014,0.04984999999999991,8.67,8.437,8.5535,False,False,0.0019999999999988916,0.022699999999999852
2026-01-28 11:00:00,8.615,8.646,8.595,8.646,3210503,2764720180.0,8.57425,0.051355187305251064,8.676960374610502,8.471539625389497,1.3971324760929282,8.602910142402548,8.579826065664191,0.023084076738356885,0.017965691866007476,0.010236769744698816,1624575.05,0.051000000000000156,0.04964999999999993,8.67,8.437,8.5535,False,False,0.031000000000000583,0.023799999999999953
2026-01-28 11:30:00,8.646,8.666,8.646,8.664,73411,63557571.0,8.577900000000001,0.05506828297189962,8.6880365659438,8.467763434056202,1.563513430116091,8.612308582032925,8.586061171911288,0.02624741012163767,0.019622035517133516,0.01325074920900831,1620845.1,0.019999999999999574,0.049799999999999844,8.67,8.437,8.5535,False,False,0.017999999999998906,0.024499999999999834
2026-01-28 13:00:00,8.665,8.711,8.627,8.634,5463281,4726900492.0,8.58125,0.05639230537283161,8.694034610745664,8.468465389254337,0.9354113056958521,8.615645723258629,8.589612196214155,0.026033527044473814,0.020904333822601578,0.010258386443744473,1821797.05,0.08399999999999963,0.05224999999999982,8.711,8.437,8.574,False,False,0.030999999999998806,0.02489999999999979
2026-01-28 13:30:00,8.634,8.654,8.631,8.643,1500455,1296677121.0,8.58605,0.05740023381576784,8.700850467631536,8.471249532368464,0.9921562372513602,8.619854073526533,8.59356684834644,0.026287225180093188,0.021980912094099903,0.008612626171986569,1779648.55,0.022999999999999687,0.050899999999999765,8.711,8.437,8.574,False,False,0.009000000000000341,0.0243999999999998
2026-01-28 14:00:00,8.643,8.682,8.639,8.682,496829,429943357.0,8.59075,0.06128524764530975,8.713320495290619,8.468179504709381,1.488939075976533,8.629414985291682,8.60011745217263,0.029297533119052588,0.02344423629909044,0.011706593639924295,1763279.55,0.04300000000000104,0.05044999999999984,8.711,8.437,8.574,False,False,0.0389999999999997,0.024299999999999856
2026-01-28 14:30:00,8.681,8.72,8.654,8.688,5982886,5185187044.0,8.5964,0.06486130952797531,8.72612261905595,8.466677380944049,1.412244073803251,8.638428064477576,8.606627270530213,0.03180079394736346,0.025115547828745047,0.013370492237236825,2009895.7,0.06600000000000072,0.05209999999999981,8.72,8.437,8.5785,False,False,0.0070000000000014495,0.02394999999999987
2026-01-28 15:00:00,8.689,8.696,8.686,8.691,169309,147159233.0,8.60275,0.067677933121355,8.73810586624271,8.46739413375729,1.303970081972762,8.64651605455795,8.61287710234279,0.03363895221515989,0.026820228706028015,0.013637447018263749,1996048.8,0.009999999999999787,0.05164999999999979,8.72,8.437,8.5785,False,False,0.002000000000000668,0.02344999999999988
2026-01-29 09:30:00,8.661,8.754,8.642,8.74,1730997,1508399257.0,8.616000000000001,0.06729041536504105,8.750580830730083,8.48141916926992,1.8427587246611008,8.660898200010573,8.62229361328036,0.038604586730212276,0.02917710031086487,0.018854972838694813,1959664.55,0.1120000000000001,0.05094999999999983,8.754,8.437,8.5955,True,False,0.07900000000000063,0.024049999999999905
2026-01-29 10:00:00,8.741,8.749,8.662,8.668,1042061,907117733.0,8.62445,0.062246940317956204,8.748943880635911,8.499956119364088,0.6996327815880937,8.661990784624331,8.625679271555889,0.03631151306844238,0.030603982862380374,0.011415060412124013,1936266.75,0.08699999999999974,0.05114999999999981,8.754,8.478,8.616,False,False,0.0730000000000004,0.026499999999999878
2026-01-29 10:30:00,8.67,8.717,8.661,8.712,449282,390333791.0,8.635050000000001,0.057833222104144474,8.75071644420829,8.519383555791713,1.3305501094410555,8.669684510066743,8.632073399588787,0.037611110477955734,0.03200540838549545,0.011211404184920573,1890571.5,0.05600000000000094,0.05029999999999983,8.754,8.5,8.626999999999999,False,False,0.041999999999999815,0.0285499999999999
2026-01-29 11:00:00,8.713,8.725,8.679,8.682,1794542,1560684934.0,8.64365,0.05059464814634706,8.744839296292692,8.542460703707306,0.7579853088230261,8.671579200825706,8.635771666285914,0.03580753453979213,0.03276583361635479,0.006083401846874684,1942025.5,0.045999999999999375,0.05109999999999983,8.754,8.509,8.631499999999999,False,False,0.030999999999998806,0.029649999999999822
2026-01-29 11:30:00,8.681,8.683,8.673,8.677,401949,348769753.0,8.651599999999998,0.04148354144147316,8.734567082882945,8.568632917117052,0.612291022352483,8.672413169929444,8.638825616931403,0.03358755299804095,0.032930177492692024,0.0013147510106978483,1960480.3,0.009999999999999787,0.05104999999999986,8.754,8.515,8.6345,False,False,0.0039999999999995595,0.029449999999999754
2026-01-29 13:00:00,8.677,8.699,8.664,8.665,1580809,1372701444.0,8.656600000000001,0.03618432344480182,8.728968646889605,8.584231353110397,0.23214473010148037,8.67127268224799,8.64076446012167,0.030508222126320206,0.032445786419417665,-0.0038751285861949175,2024038.6,0.03500000000000014,0.0496999999999999,8.754,8.551,8.6525,False,False,0.012000000000000455,0.027699999999999836
2026-01-29 13:30:00,8.665,8.666,8.574,8.588,3484092,3002095203.0,8.654250000000001,0.039071964642858115,8.732393929285717,8.576106070714285,-1.695589167464903,8.658461500363684,8.636855981594138,0.02160551876954564,0.030277732889443264,-0.017344428239795248,2077885.85,0.09200000000000053,0.049349999999999915,8.754,8.574,8.664,False,False,0.07699999999999996,0.02784999999999984
2026-01-29 14:00:00,8.589,8.63,8.575,8.622,2249469,1932429429.0,8.654549999999999,0.038784797618602006,8.732119595237203,8.576980404762795,-0.8392463542052127,8.652852038769272,8.635755538513092,0.017096500256180036,0.02764148636279062,-0.02108997221322117,2033877.3,0.05500000000000149,0.04900000000000002,8.754,8.574,8.664,False,False,0.032999999999999474,0.028549999999999808
2026-01-29 14:30:00,8.622,8.64,8.583,8.593,838960,722705443.0,8.652800000000001,0.04078389775131346,8.734367795502628,8.571232204497374,-1.4662649549741744,8.643644032804769,8.632588461586195,0.01105557121857359,0.024324303333947216,-0.02653746423074725,1946027.45,0.057000000000000384,0.049900000000000055,8.754,8.574,8.664,False,False,0.028999999999999915,0.029149999999999832
2026-01-29 15:00:00,8.594,8.596,8.589,8.591,162515,139639172.0,8.651399999999999,0.042451706307534594,8.736303412615069,8.566496587384929,-1.422793222077846,8.635544950834804,8.629507834802032,0.006037116032771905,0.020666865873712154,-0.029259499681880498,1945457.05,0.006999999999999673,0.0495000000000001,8.754,8.574,8.664,False,False,0.0030000000000001137,0.028799999999999847
2026-01-30 09:30:00,8.518,8.594,8.416,8.417,1685762,1429778808.0,8.642,0.06698939429020491,8.77597878858041,8.508021211419589,-3.358740624303552,8.601922650706372,8.613766513705587,-0.011843862999214139,0.014164720099126895,-0.05201716619668206,1815485.85,0.17799999999999905,0.05525000000000011,8.754,8.416,8.585,False,True,0.10100000000000087,0.031849999999999934
2026-01-30 10:00:00,8.416,8.422,8.315,8.326,2420853,2027307113.0,8.627350000000002,0.09741353791142761,8.822177075822857,8.432522924177146,-3.0935125287616687,8.559473012136161,8.59245047565332,-0.03297746351715958,0.004736283375869601,-0.07542749378605836,1848891.25,0.1070000000000011,0.058700000000000155,8.754,8.315,8.5345,False,True,0.08999999999999986,0.03564999999999996
2026-01-30 10:30:00,8.323,8.38,8.232,8.339,4282539,3558473182.0,8.6134,0.11685906941809539,8.84711813883619,8.37968186116381,-2.3481275468509737,8.525554087192138,8.573676366345667,-0.048122279153529846,-0.005835429130010289,-0.08457370004703911,1951025.2,0.14800000000000146,0.06435000000000021,8.754,8.232,8.492999999999999,False,False,0.016000000000000014,0.036350000000000014
2026-01-30 11:00:00,8.336,8.386,8.332,8.378,1992622,1664925865.0,8.6,0.12777941519418737,8.855558830388375,8.344441169611624,-1.737369040722439,8.502853458393346,8.559181820690434,-0.05632836229708715,-0.015934015763425662,-0.08078869306732298,1890131.15,0.053999999999998494,0.06450000000000014,8.754,8.232,8.492999999999999,False,False,0.041999999999999815,0.036899999999999974
2026-01-30 11:30:00,8.378,8.379,8.365,8.374,137779,115357931.0,8.5855,0.1363044193591765,8.858108838718353,8.312891161281646,-1.551673826823431,8.483029849409755,8.545464648787439,-0.0624347993776837,-0.02523417248627727,-0.07440125378281287,1893349.55,0.013999999999999346,0.06420000000000012,8.754,8.232,8.492999999999999,False,False,0.0039999999999995595,0.03620000000000001
2026-01-30 13:00:00,8.374,8.473,8.374,8.449,585149,493358497.0,8.57625,0.13908871648207757,8.854427432964155,8.298072567035845,-0.9148837031391904,8.4777944879621,8.538319119247628,-0.060524631285527875,-0.0322922642461274,-0.056464734078800954,1649442.95,0.0990000000000002,0.06495000000000015,8.754,8.232,8.492999999999999,False,False,0.07499999999999929,0.03840000000000003
2026-01-30 13:30:00,8.45,8.499,8.445,8.49,597123,505778844.0,8.5686,0.13943132623927199,8.847462652478544,8.289737347521456,-0.5637183703260326,8.479672259044854,8.534739925229285,-0.055067666184431374,-0.03684734463378819,-0.03644064310128636,1604276.35,0.05400000000000027,0.06650000000000018,8.754,8.232,8.492999999999999,False,False,0.040000000000000924,0.03995000000000006
2026-01-30 14:00:00,8.486,8.493,8.449,8.459,584381,494559479.0,8.55745,0.1388006806444718,8.835051361288944,8.279848638711055,-0.7092904699233606,8.476491911499492,8.529129560397486,-0.05263764889799383,-0.04000540548662932,-0.025264486822729013,1608653.95,0.04400000000000048,0.06655000000000015,8.754,8.232,8.492999999999999,False,False,0.027000000000001023,0.03935000000000013
2026-01-30 14:30:00,8.459,8.46,8.433,8.447,441261,372741323.0,8.545399999999999,0.13732382014402167,8.820047640288042,8.270752359711956,-0.7165544906688471,8.471954694345724,8.523045889256931,-0.05109119491120673,-0.042222563371544806,-0.017737263079323842,1331572.7,0.027000000000001023,0.06460000000000017,8.754,8.232,8.492999999999999,False,False,0.012000000000000455,0.03960000000000008
2026-01-30 15:00:00,8.444,8.447,8.433,8.44,111308,93961102.0,8.53285,0.13476266662466183,8.802375333249323,8.263324666750677,-0.6889890377325658,8.467038587523305,8.516894341904566,-0.04985575438126055,-0.04374920157348796,-0.012213105615545186,1328672.65,0.013999999999999346,0.06480000000000015,8.754,8.232,8.492999999999999,False,False,0.004000000000001336,0.03970000000000011
2026-02-02 09:30:00,8.33,8.4,8.273,8.302,1369821,1140603993.0,8.51095,0.13491653365185427,8.780783067303707,8.241116932696292,-1.548735313191379,8.441648035596643,8.500976242504228,-0.05932820690758511,-0.04686500264030739,-0.02492640853455544,1310613.85,0.16699999999999982,0.06755000000000014,8.749,8.232,8.4905,False,False,0.02800000000000047,0.03715000000000011
2026-02-02 10:00:00,8.302,8.345,8.252,8.278,1984403,1643443010.0,8.49145,0.13914077498403649,8.769731549968073,8.213168450031928,-1.534057863516204,8.416471414735621,8.484459483800212,-0.0679880690645902,-0.05108961592516396,-0.0337969062788525,1357730.95,0.09299999999999997,0.06785000000000015,8.725,8.232,8.4785,False,False,0.023999999999999133,0.03470000000000004
2026-02-02 10:30:00,8.281,8.288,8.254,8.269,756807,625657055.0,8.4693,0.1374336586368717,8.744167317273744,8.194432682726257,-1.4574304576234458,8.393783504776295,8.468499522037233,-0.07471601726093802,-0.05581489619231877,-0.0378022421372385,1373107.2,0.034000000000000696,0.06675000000000013,8.725,8.232,8.4785,False,False,0.012000000000000455,0.03320000000000008
2026-02-02 11:00:00,8.268,8.286,8.216,8.25,1331373,1097234915.0,8.447700000000001,0.13618721634109882,8.720074432682198,8.175325567317804,-1.4516781039479905,8.371662965579942,8.452314372256696,-0.08065140667675408,-0.060782198289205835,-0.039738416775096486,1349948.75,0.07000000000000028,0.06795000000000018,8.699,8.216,8.4575,False,False,0.018000000000000682,0.03255000000000017
2026-02-02 11:30:00,8.25,8.256,8.225,8.227,140169,115485686.0,8.4252,0.13345553172262614,8.692111063445253,8.158288936554747,-1.4851388881499392,8.34940712472149,8.4356244187562,-0.08621729403471079,-0.06586921743830683,-0.04069615319280792,1336859.75,0.031000000000000583,0.06900000000000021,8.699,8.216,8.4575,False,False,0.022999999999999687,0.033500000000000175
2026-02-02 13:00:00,8.222,8.236,8.204,8.205,600324,493356679.0,8.402199999999999,0.12953382000974217,8.661267640019483,8.143132359980514,-1.5223823398797889,8.327190643995106,8.418541128477962,-0.09135048448285588,-0.07096547084721665,-0.04077002727127846,1287835.5,0.03200000000000003,0.06885000000000022,8.666,8.204,8.435,False,True,0.01699999999999946,0.03375000000000013
2026-02-02 13:30:00,8.205,8.21,8.114,8.125,4499881,3669158191.0,8.37905,0.1358018971265072,8.650653794253014,8.107446205746985,-1.870739697865468,8.296084391072782,8.396797341183298,-0.10071295011051618,-0.07691496669987656,-0.04759596682127923,1338624.95,0.09600000000000009,0.0690500000000002,8.64,8.114,8.377,False,True,0.08000000000000007,0.03390000000000013
2026-02-02 14:00:00,8.127,8.217,8.124,8.126,2868997,2339236049.0,8.35425,0.13438157572650145,8.623013151453003,8.085486848546998,-1.698521532926092,8.26991756167697,8.376738278873423,-0.10682071719645414,-0.08289611679919208,-0.04784920079452412,1369601.35,0.09299999999999997,0.07095000000000011,8.64,8.114,8.377,False,False,0.0010000000000012221,0.03230000000000022
2026-02-02 14:30:00,8.127,8.145,8.046,8.053,5493875,4441950652.0,8.32725,0.13808459459026723,8.603419189180533,8.051080810819466,-1.986101351955802,8.236545629111282,8.35275766562354,-0.11621203651225898,-0.08955930074180546,-0.053305471540907035,1602347.1,0.0990000000000002,0.0730500000000001,8.596,8.046,8.321,False,True,0.07399999999999984,0.03455000000000021
2026-02-02 15:00:00,8.053,8.065,8.045,8.049,428221,344947874.0,8.30015,0.1367769121021933,8.573703824204387,8.026596175795614,-1.8362017108000899,8.207692455401853,8.330257097799574,-0.12256464239772136,-0.09616036907298864,-0.05280854664946544,1615632.4,0.019999999999999574,0.0737000000000001,8.594,8.045,8.3195,False,False,0.004000000000001336,0.034600000000000276
2026-02-03 09:30:00,8.186,8.267,8.17,8.217,2049953,1687921499.0,8.29015,0.13508487585296558,8.560319751705931,8.01998024829407,-0.5415113982087888,8.20912438534003,8.321867683147754,-0.11274329780772518,-0.09947695481993596,-0.02653268597557845,1633841.95,0.21799999999999997,0.07570000000000014,8.499,8.045,8.272,False,False,0.031000000000000583,0.03110000000000026
2026-02-03 10:00:00,8.215,8.267,8.208,8.253,864181,712147193.0,8.2865,0.13505145218339082,8.556602904366782,8.016397095633218,-0.24805360815009475,8.215874479903102,8.316766373284958,-0.10089189338185633,-0.09975994253232004,-0.00226390169907259,1556008.35,0.058999999999999275,0.07330000000000006,8.499,8.045,8.272,False,False,0.038000000000000256,0.028500000000000282
2026-02-03 10:30:00,8.252,8.255,8.132,8.203,753441,615654472.0,8.2797,0.13569125170575397,8.551082503411507,8.008317496588493,-0.5652538320327707,8.213893790687239,8.30833923452311,-0.0944454438358715,-0.09869704279303035,0.008503197914317695,1379553.45,0.12300000000000111,0.07205000000000003,8.499,8.045,8.272,False,False,0.049000000000001265,0.030150000000000343
2026-02-03 11:00:00,8.202,8.257,8.191,8.245,362227,297872629.0,8.273050000000001,0.1338669704948696,8.54078394098974,8.005316059010262,-0.20953637701898345,8.218679361350741,8.30364743937325,-0.08496807802250927,-0.09595124983892614,0.02196634363283373,1298033.7,0.06599999999999895,0.07265000000000006,8.499,8.045,8.272,False,False,0.04299999999999926,0.030200000000000317
2026-02-03 11:30:00,8.243,8.256,8.227,8.251,33275,27403080.0,8.2669,0.13179445719516827,8.530488914390336,8.003311085609663,-0.12064240286262326,8.223651767296781,8.299747629049305,-0.07609586175252403,-0.09198017222164573,0.0317686209382434,1292808.5,0.028999999999999915,0.07340000000000009,8.499,8.045,8.272,False,False,0.007999999999999119,0.030400000000000295
2026-02-03 13:00:00,8.253,8.277,8.232,8.271,309282,255610597.0,8.258,0.12466755792908056,8.50733511585816,8.008664884141838,0.10427732937062076,8.230936110789584,8.297618175045653,-0.06668206425606904,-0.0869205506285304,0.04047697274492271,1279015.15,0.04499999999999993,0.07070000000000007,8.499,8.045,8.272,False,False,0.018000000000000682,0.027550000000000362
2026-02-03 13:30:00,8.27,8.326,8.27,8.317,1204158,1000522860.0,8.24935,0.11319720798119336,8.475744415962387,8.022955584037613,0.5976295812105175,8.244176709129647,8.299053865783012,-0.05487715665336523,-0.08051187183349737,0.05126943036026427,1309366.9,0.05600000000000094,0.07080000000000011,8.493,8.045,8.269,False,False,0.0470000000000006,0.027900000000000348
2026-02-03 14:00:00,8.317,8.363,8.304,8.352,2233773,1862704512.0,8.244000000000002,0.1049987468596936,8.453997493719388,8.034002506280615,1.0285837043780688,8.260764907725086,8.302975801650938,-0.04221089392585142,-0.07285167625196819,0.06128156465223353,1391836.5,0.058999999999999275,0.07155000000000004,8.46,8.045,8.252500000000001,False,False,0.03500000000000014,0.028300000000000304
2026-02-03 14:30:00,8.351,8.375,8.351,8.369,1418976,1186820492.0,8.240100000000002,0.09829649027305498,8.436692980546113,8.043507019453891,1.3113387837340928,8.277416460382765,8.307866483010127,-0.030450022627361406,-0.06437134552704683,0.06784264579937085,1440722.25,0.023999999999999133,0.07139999999999995,8.447,8.045,8.245999999999999,False,False,0.017999999999998906,0.028600000000000226
2026-02-03 15:00:00,8.367,8.368,8.359,8.366,136756,114372852.0,8.2364,0.09153624533771929,8.419472490675439,8.05332750932456,1.4158325974792385,8.291044697246955,8.31217266945382,-0.02112797220686602,-0.05572267086301067,0.0691893973122893,1441994.65,0.009999999999999787,0.07119999999999997,8.4,8.045,8.2225,False,False,0.0010000000000012221,0.028450000000000218
2026-02-04 09:30:00,8.36,8.36,8.269,8.311,2034688,1691572721.0,8.23685,0.09189712497650937,8.42064424995302,8.053055750046981,0.8068805201354626,8.294114743824347,8.312085805049835,-0.017971061225487972,-0.048172348935506135,0.060402575420036325,1475238.0,0.09699999999999953,0.06769999999999995,8.375,8.045,8.21,False,False,0.04899999999999949,0.029500000000000172
2026-02-04 10:00:00,8.31,8.351,8.303,8.338,1124026,935849659.0,8.23985,0.09426015232212517,8.42837030464425,8.05132969535575,1.041267148228026,8.300866321697525,8.314005375046143,-0.013139053348618646,-0.04116568981812864,0.05605327293901999,1432219.15,0.04800000000000004,0.06544999999999997,8.375,8.045,8.21,False,False,0.027999999999998693,0.02970000000000015
2026-02-04 10:30:00,8.338,8.341,8.292,8.294,1028649,855344763.0,8.2411,0.09483109638776734,8.430762192775534,8.051437807224465,0.5578338964224487,8.29980996451329,8.312523495413096,-0.012713530899805647,-0.03547525803446404,0.04552345426931678,1445811.25,0.04899999999999949,0.0661999999999999,8.375,8.045,8.21,False,False,0.04399999999999871,0.031300000000000064
2026-02-04 11:00:00,8.294,8.305,8.263,8.293,1229377,1018244035.0,8.24325,0.09552837825815064,8.434306756516301,8.052193243483698,0.520787653963494,8.298762277665091,8.311077310567681,-0.012315032902590062,-0.030843213008089246,0.03705636021099837,1440711.45,0.041999999999999815,0.06479999999999989,8.375,8.045,8.21,False,False,0.0010000000000012221,0.030450000000000088
2026-02-04 11:30:00,8.294,8.295,8.271,8.272,188841,156320230.0,8.2455,0.09565535723848277,8.436810714476966,8.054189285523034,0.27703623471848043,8.294645004178154,8.308182694970075,-0.013537690791920909,-0.02738210856485558,0.027688835545869345,1443145.05,0.023999999999999133,0.06444999999999981,8.375,8.045,8.21,False,False,0.02200000000000024,0.030400000000000114
2026-02-04 13:00:00,8.274,8.293,8.249,8.291,1383029,1142778386.0,8.2498,0.09567191745478056,8.441143834909562,8.058456165090439,0.430638384763984,8.294084234304592,8.30690990275007,-0.012825668445477945,-0.024470820540980057,0.023290304191004224,1482280.3,0.04399999999999871,0.06504999999999975,8.375,8.045,8.21,False,False,0.017000000000001236,0.030400000000000205
2026-02-04 13:30:00,8.291,8.303,8.274,8.282,679029,562556861.0,8.25765,0.09123092446614758,8.440111848932295,8.075188151067705,0.2669051107668593,8.292225121334655,8.305064724768583,-0.012839603433928204,-0.022144577119569686,0.018609947371282964,1291237.7,0.02900000000000169,0.061699999999999824,8.375,8.045,8.21,False,False,0.009000000000000341,0.026850000000000217
2026-02-04 14:00:00,8.283,8.352,8.268,8.348,606144,504441063.0,8.26875,0.08781132584905435,8.44437265169811,8.093127348301891,0.9025031706756025,8.300805871898554,8.308245115526464,-0.007439243627910486,-0.019203510421237847,0.023528533586654722,1178095.05,0.08399999999999963,0.061249999999999805,8.375,8.045,8.21,False,False,0.06500000000000128,0.030050000000000222
2026-02-04 14:30:00,8.347,8.395,8.333,8.387,3771104,3159399416.0,8.28545,0.07552028308934533,8.43649056617869,8.134409433821311,1.3446718662304196,8.314066506991084,8.314078810672653,-1.2303681568681668e-05,-0.015365269073304015,0.030705930783470666,1091956.5,0.06199999999999939,0.059399999999999765,8.395,8.045,8.219999999999999,True,False,0.040000000000000924,0.028350000000000274
2026-02-04 15:00:00,8.387,8.393,8.376,8.388,243082,203777431.0,8.3024,0.054880156513508506,8.412160313027018,8.192639686972983,1.5597623155270959,8.325440890530917,8.31955445432653,0.005886436204386669,-0.011114928017765879,0.034002728444305096,1082699.55,0.017000000000001236,0.059249999999999844,8.395,8.132,8.2635,False,False,0.0009999999999994458,0.02820000000000018
2026-02-05 09:30:00,8.3,8.313,8.245,8.247,1010705,836800000.0,8.3039,0.05279344058139095,8.409486881162783,8.198313118837218,-1.0777854099559705,8.313373061218469,8.314180050302344,-0.0008069890838751093,-0.009053340230987725,0.016492702294225232,1030737.15,0.14300000000000068,0.05549999999999988,8.395,8.132,8.2635,False,False,0.053000000000000824,0.029300000000000194
2026-02-05 10:00:00,8.251,8.257,8.159,8.174,2550606,2091299303.0,8.299949999999999,0.05935040903508128,8.418650818070162,8.181249181929836,-2.122142071936726,8.291931051800242,8.303796342872541,-0.011865291072298945,-0.00961573039924997,-0.004499121346097951,1115058.4,0.09799999999999898,0.05744999999999987,8.395,8.132,8.2635,False,False,0.07699999999999996,0.03125000000000018
2026-02-05 10:30:00,8.174,8.221,8.16,8.164,1156623,947620109.0,8.297999999999998,0.06321808535371339,8.424436170707425,8.171563829292571,-2.119646605085415,8.272249351523282,8.293441058215317,-0.02119170669203463,-0.011930925657806901,-0.018521562068455455,1135217.5,0.06099999999999994,0.05434999999999981,8.395,8.159,8.277000000000001,False,False,0.009999999999999787,0.029300000000000104
2026-02-05 11:00:00,8.159,8.212,8.15,8.2,921956,754148739.0,8.29575,0.06594565146670692,8.427641302933413,8.163858697066587,-1.451953204956064,8.261134066673545,8.286519498347515,-0.02538543167396945,-0.014621826861039413,-0.021527209625860074,1163203.95,0.06199999999999939,0.05414999999999983,8.395,8.15,8.2725,False,False,0.04099999999999859,0.02920000000000007
2026-02-05 11:30:00,8.199,8.199,8.169,8.169,291150,238116941.0,8.29165,0.07121300516944354,8.434076010338888,8.149223989661113,-1.7222977700234376,8.246959594877616,8.277814350321773,-0.030854755444156723,-0.017868412577662876,-0.025972685732987694,1176097.7,0.030999999999998806,0.05424999999999978,8.395,8.15,8.2725,False,False,0.02999999999999936,0.030300000000000084
2026-02-05 13:00:00,8.169,8.191,8.147,8.166,1008068,822810238.0,8.2864,0.07649038467264073,8.439380769345282,8.133419230654718,-1.5740540528758125,8.234504272588751,8.269531805853493,-0.03502753326474206,-0.02130023671507871,-0.0274545930993267,1211037.0,0.04400000000000048,0.054199999999999804,8.395,8.147,8.271,False,False,0.0030000000000001137,0.029550000000000055
2026-02-05 13:30:00,8.167,8.25,8.153,8.238,598523,490902700.0,8.28245,0.07686589483947934,8.43618178967896,8.128718210321042,-0.5782798742254557,8.235042076805867,8.26719611653101,-0.0321540397251443,-0.023470997317091832,-0.017366084816104937,1180755.25,0.09699999999999953,0.05624999999999973,8.395,8.147,8.271,False,False,0.07099999999999973,0.03075000000000001
2026-02-05 14:00:00,8.239,8.269,8.202,8.212,843615,693643135.0,8.27545,0.07657296142276976,8.428595922845538,8.12230407715446,-0.8286214718754765,8.231497141912657,8.263107515306492,-0.031610373393835545,-0.025098872532440576,-0.013023001722789938,1111247.35,0.06700000000000017,0.05664999999999978,8.395,8.147,8.271,False,False,0.027000000000001023,0.030350000000000054
2026-02-05 14:30:00,8.212,8.264,8.205,8.227,1040732,856798015.0,8.26835,0.07398170115145808,8.416313402302915,8.120386597697085,-0.5589219949855749,8.230805273926094,8.260432884543048,-0.02962761061695396,-0.026004620149343256,-0.007245980935221406,1092335.15,0.058999999999999275,0.058399999999999785,8.395,8.147,8.271,False,False,0.015000000000000568,0.030200000000000136
2026-02-05 15:00:00,8.228,8.231,8.212,8.217,130454,107301599.0,8.2609,0.07107586754566599,8.403051735091331,8.118748264908668,-0.6176498650796397,8.228681385629772,8.257215633836156,-0.02853424820638395,-0.026510545760751396,-0.004047404891265108,1092020.05,0.019000000000000128,0.058849999999999805,8.395,8.147,8.271,False,False,0.010999999999999233,0.03070000000000004
2026-02-06 09:30:00,8.105,8.2,8.075,8.179,1607601,1304647080.0,8.254299999999999,0.0722969752588564,8.398893950517712,8.109706049482286,-1.0415373496662894,8.221038095532883,8.251421883181626,-0.030383787648743166,-0.02728519413834975,-0.00619718702078683,1070665.7,0.14200000000000124,0.06109999999999989,8.395,8.075,8.235,False,False,0.07399999999999984,0.031950000000000055
2026-02-06 10:00:00,8.181,8.266,8.14,8.265,1863800,1530687245.0,8.25065,0.06964290495468388,8.389935809909367,8.111364190090633,0.20605114059124538,8.2278014654509,8.252427669612617,-0.02462620416171646,-0.026753396143023096,0.004254383962613274,1107654.4,0.12599999999999945,0.06499999999999986,8.395,8.075,8.235,False,False,0.0840000000000014,0.03475000000000019
2026-02-06 10:30:00,8.265,8.319,8.261,8.269,2460315,2038152049.0,8.2494,0.06904567519518313,8.387491350390366,8.111308649609633,0.283870060573582,8.234139701535378,8.253655249641312,-0.019515548105934144,-0.025305826535605307,0.011580556859342325,1179237.7,0.058000000000001606,0.06544999999999997,8.395,8.075,8.235,False,False,0.0039999999999995595,0.03275000000000024
2026-02-06 11:00:00,8.272,8.316,8.267,8.279,736234,610744551.0,8.248700000000001,0.06865021945762297,8.386000438915246,8.111399561084756,0.44136785343712587,8.241041285914552,8.25553263855677,-0.014491352642219013,-0.02314293175692805,0.017303158229418074,1154580.55,0.049000000000001265,0.06580000000000004,8.395,8.075,8.235,False,False,0.006999999999999673,0.033050000000000156
2026-02-06 11:30:00,8.275,8.303,8.27,8.3,51871,43001857.0,8.2501,0.06943145048024206,8.388962900960484,8.111237099039515,0.7186944771404548,8.250111857312314,8.258826517182195,-0.008714659869880848,-0.02025727737951861,0.023085235019275528,1147732.05,0.03300000000000125,0.06625000000000014,8.395,8.075,8.235,False,False,0.025000000000000355,0.03320000000000016
2026-02-06 13:00:00,8.301,8.33,8.282,8.309,375075,311687263.0,8.251,0.07010293184048999,8.39120586368098,8.110794136319019,0.827354840621662,8.259171571571958,8.262543071464995,-0.0033714998930367557,-0.01688012188222224,0.02701724397837097,1097334.35,0.04800000000000004,0.0664500000000002,8.395,8.075,8.235,False,False,0.007999999999999119,0.03275000000000006
2026-02-06 13:30:00,8.31,8.315,8.285,8.304,257756,213966279.0,8.2521,0.070784253378252,8.393668506756505,8.110531493243496,0.7332139215011593,8.26606825286858,8.26561395506018,0.00045429780839967293,-0.01341323794409786,0.027735071504995067,1076270.7,0.02999999999999936,0.06650000000000009,8.395,8.075,8.235,False,False,0.006000000000000227,0.03260000000000005
2026-02-06 14:00:00,8.303,8.323,8.269,8.281,646657,536548649.0,8.24875,0.06751676205132748,8.383783524102654,8.113716475897345,0.47765916226083505,8.268365444734952,8.266753662092759,0.0016117826421933046,-0.010408233826839629,0.024040032938065867,1078296.35,0.05400000000000027,0.06500000000000013,8.395,8.075,8.235,False,False,0.02200000000000024,0.030449999999999998
2026-02-06 14:30:00,8.283,8.284,8.227,8.227,657558,542565742.0,8.24075,0.0592460302911857,8.359242060582371,8.12225793941763,-0.23208305995221387,8.262001530160344,8.263808946382184,-0.001807416221840441,-0.008688070305839792,0.013761308167998702,922619.05,0.057000000000000384,0.06475000000000017,8.393,8.075,8.234,False,False,0.05599999999999916,0.03124999999999991
2026-02-06 15:00:00,8.226,8.228,8.212,8.213,742497,610249499.0,8.232,0.04825807813479729,8.328516156269593,8.135483843730405,-0.3937164664313447,8.2544628332126,8.260045320724245,-0.005582487511645695,-0.008066953747000973,0.004968932470710556,947589.8,0.016000000000000014,0.06470000000000012,8.33,8.075,8.2025,False,False,0.013000000000001677,0.031850000000000024
2026-02-09 09:30:00,8.35,8.383,8.306,8.311,1543411,1288254789.0,8.2352,0.051329277579594816,8.33785855515919,8.132541444840811,1.4767400511814792,8.2631608588722,8.26381974141134,-0.0006588825391400377,-0.0065853395054287864,0.011852913932577498,974225.1,0.16999999999999993,0.06605000000000008,8.383,8.075,8.229,False,False,0.0389999999999997,0.031149999999999966
2026-02-09 10:00:00,8.314,8.393,8.309,8.373,1899737,1590193121.0,8.245149999999999,0.05773011163573565,8.36061022327147,8.129689776728528,2.2146154992165257,8.280059188276477,8.271907167973463,0.00815202030301343,-0.003637867543740343,0.023579775693507547,941681.65,0.0840000000000014,0.0653500000000002,8.393,8.075,8.234,False,False,0.058999999999999275,0.030249999999999933
2026-02-09 10:30:00,8.375,8.382,8.356,8.377,518521,434042462.0,8.255799999999999,0.06149591342863112,8.378791826857261,8.132808173142736,1.9708626678203587,8.294973159310866,8.279691822197652,0.015281337113213667,0.0001459733876504588,0.030270727451126415,909776.55,0.0259999999999998,0.06360000000000018,8.393,8.075,8.234,False,False,0.002000000000000668,0.029849999999999977
2026-02-09 11:00:00,8.381,8.396,8.368,8.375,260433,218250128.0,8.26455,0.06546069531848431,8.395471390636969,8.133628609363031,1.6872720257954867,8.307284980955348,8.286751687220049,0.02053329373529955,0.004223437457180277,0.03261971255623855,876700.4,0.02800000000000047,0.061900000000000246,8.396,8.075,8.2355,False,False,0.006000000000000227,0.02810000000000006
2026-02-09 11:30:00,8.375,8.379,8.362,8.365,61610,51550782.0,8.274350000000002,0.06507346051316319,8.404496921026329,8.144203078973675,1.393041022947619,8.316164214654526,8.292547858537082,0.023616356117443615,0.008102021189232946,0.03102866985642134,865223.4,0.01699999999999946,0.061200000000000275,8.396,8.075,8.2355,False,False,0.009999999999999787,0.02710000000000008
2026-02-09 13:00:00,8.366,8.373,8.35,8.373,315183,263525102.0,8.284699999999999,0.06337283163528193,8.411445663270563,8.157954336729436,1.3933415585432116,8.324908181630752,8.298507276423225,0.02640090520752736,0.011761797992891829,0.02927821442927106,830579.15,0.022999999999999687,0.06015000000000024,8.396,8.075,8.2355,False,False,0.006999999999999673,0.027300000000000057
2026-02-09 13:30:00,8.373,8.388,8.37,8.382,210633,176480161.0,8.2919,0.06591693337271626,8.423733866745433,8.160066133254567,1.3668718399040845,8.333691538302944,8.304691922614097,0.028999615688846347,0.015209361532082733,0.02758050831352723,811184.65,0.018000000000000682,0.05620000000000029,8.396,8.075,8.2355,False,False,0.009000000000000341,0.02420000000000009
2026-02-09 14:00:00,8.382,8.395,8.363,8.373,337555,282848326.0,8.299949999999999,0.06547516604347683,8.430900332086953,8.168999667913045,1.1156901832290673,8.339738993948645,8.309751780198239,0.029987213750406028,0.018164931975747395,0.023644563549317266,785881.65,0.03200000000000003,0.05445000000000029,8.396,8.075,8.2355,False,False,0.009000000000000341,0.023300000000000053
2026-02-09 14:30:00,8.374,8.394,8.369,8.391,570777,478400625.0,8.308150000000001,0.06612450377885395,8.440399007557708,8.175900992442294,1.2529394591312377,8.347625302571931,8.315770166850221,0.031855135721709615,0.02090297272493984,0.02190432599353955,762383.9,0.025000000000000355,0.05275000000000034,8.396,8.075,8.2355,False,False,0.01699999999999946,0.023399999999999997
2026-02-09 15:00:00,8.391,8.397,8.391,8.395,224768,188675505.0,8.31705,0.06518271889162626,8.447415437783253,8.186684562216747,1.1958691095656862,8.354913717560864,8.321639043379834,0.033274674181029695,0.02337731301615781,0.019794722329743768,767099.6,0.006000000000000227,0.05210000000000035,8.397,8.075,8.236,False,False,0.0039999999999995595,0.023050000000000015
2026-02-10 09:30:00,8.395,8.4,8.329,8.386,610157,510627574.0,8.3274,0.058165281740908875,8.443730563481818,8.211069436518184,1.007473844294711,8.3596962225515,8.326406521647995,0.0332897009035058,0.02535979059362741,0.015859820619756784,717227.4,0.07099999999999973,0.048550000000000273,8.4,8.14,8.27,False,False,0.009000000000000341,0.01980000000000004
2026-02-10 10:00:00,8.386,8.404,8.373,8.388,396468,332577511.0,8.333549999999999,0.057721176447864404,8.448992352895727,8.21810764710427,0.9433279664558113,8.36405064985127,8.330969001525922,0.03308164832534821,0.02690416213997157,0.012354972370753281,643860.8,0.031000000000000583,0.043800000000000325,8.404,8.212,8.308,False,False,0.002000000000000668,0.015700000000000002
2026-02-10 10:30:00,8.388,8.388,8.353,8.373,245227,205237060.0,8.33875,0.05626616726725254,8.451282334534504,8.226217665465494,0.6087139334961233,8.365427472951074,8.334082408820299,0.03134506413077531,0.02779234253813232,0.007105443185285984,533106.4,0.03500000000000014,0.04265000000000026,8.404,8.212,8.308,False,False,0.015000000000000568,0.016250000000000053
2026-02-10 11:00:00,8.373,8.373,8.351,8.366,186215,155661872.0,8.3431,0.054746208712750426,8.452592417425501,8.233607582574498,0.4182938058807805,8.365515554035523,8.33644667483361,0.02906887920191359,0.028047649870888577,0.002042458662050023,505605.45,0.021999999999998465,0.041300000000000114,8.404,8.212,8.308,False,False,0.006999999999999673,0.016250000000000053
2026-02-10 11:30:00,8.367,8.369,8.36,8.361,27562,23057476.0,8.34615,0.053911501555780436,8.45397300311156,8.23832699688844,0.2754514263461224,8.364820853414674,8.33826543966075,0.026555413753923673,0.0277492026474956,-0.002387577787143852,504390.0,0.009000000000000341,0.040100000000000066,8.404,8.212,8.308,False,False,0.006000000000000227,0.015300000000000046
2026-02-10 13:00:00,8.361,8.386,8.355,8.379,616623,516554862.0,8.34965,0.05364432083542086,8.456938641670842,8.242361358329159,0.5471222217547316,8.367002260581646,8.341282814500694,0.025719446080952224,0.027343251334186927,-0.003247610506469406,516467.4,0.030999999999998806,0.03925000000000001,8.404,8.212,8.308,False,False,0.017999999999998906,0.015800000000000036
2026-02-10 13:30:00,8.379,8.393,8.372,8.391,388317,325486774.0,8.354000000000001,0.05327387036021159,8.460547740720424,8.247452259279578,0.6945243465478163,8.370694220492162,8.344965568982124,0.025728651510037892,0.027020331369357123,-0.0025833597186384616,522995.45,0.021000000000000796,0.03880000000000008,8.404,8.212,8.308,False,False,0.012000000000000455,0.01610000000000005
2026-02-10 14:00:00,8.391,8.398,8.377,8.378,331303,277854343.0,8.35885,0.050627925516496336,8.460105851032994,8.257594148967007,0.3782497466494068,8.371818186570291,8.347412563872338,0.024405622697953433,0.026497389635076384,-0.004183533874245901,507227.75,0.02099999999999902,0.037150000000000016,8.404,8.212,8.308,False,False,0.0129999999999999,0.015650000000000032
2026-02-10 14:30:00,8.379,8.388,8.376,8.383,371802,311705987.0,8.36665,0.040185458223467356,8.447020916446935,8.286279083553065,0.40686359501186886,8.373538465559477,8.350048670252164,0.02348979530731299,0.025895870769523707,-0.004812150924421436,492939.95,0.012000000000000455,0.03490000000000002,8.404,8.212,8.308,False,False,0.0039999999999995595,0.013050000000000051
2026-02-10 15:00:00,8.383,8.383,8.377,8.377,269749,226040070.0,8.37485,0.01752674647798399,8.409903492955968,8.339796507044033,0.12266965821072467,8.374071009319557,8.352045065048301,0.022025944271256037,0.025121885469870174,-0.006191882397228274,469302.55,0.005999999999998451,0.034399999999999945,8.404,8.306,8.355,False,False,0.005999999999998451,0.012699999999999888
2026-02-11 09:30:00,8.355,8.457,8.355,8.442,879044,740353822.0,8.3814,0.01687539473216955,8.415150789464338,8.34764921053566,3.591027111471304,8.384521623270395,8.358708393563242,0.025813229707152274,0.025260154317326595,0.0011061507796513576,436084.2,0.10200000000000031,0.03099999999999996,8.457,8.309,8.383,True,False,0.08699999999999974,0.015099999999999891
2026-02-11 10:00:00,8.443,8.443,8.407,8.431,428691,361101265.0,8.3843,0.020042323638744083,8.424384647277488,8.344215352722511,2.3300691497528323,8.391672142767257,8.364063327373373,0.02760881539388471,0.02572988653263822,0.0037578577224929854,362531.9,0.03599999999999959,0.02859999999999987,8.457,8.329,8.393,False,False,0.012000000000000455,0.01274999999999995
2026-02-11 10:30:00,8.431,8.449,8.428,8.447,214074,180588799.0,8.3878,0.02434964605812326,8.436499292116247,8.339100707883754,2.431246838606476,8.400184120803063,8.370206784604974,0.029977336198088622,0.0265793764657283,0.006795919464720641,347309.55,0.02099999999999902,0.02834999999999983,8.457,8.329,8.393,False,False,0.016000000000000014,0.013449999999999917
2026-02-11 11:00:00,8.447,8.449,8.417,8.434,112526,94914306.0,8.39075,0.026219468459785938,8.443188936919572,8.338311063080429,1.6495376352245008,8.405386563756437,8.374932207967568,0.030454355788869236,0.02735437233035649,0.0061999669170254915,339914.2,0.03200000000000003,0.028549999999999808,8.457,8.329,8.393,False,False,0.0129999999999999,0.013799999999999901
2026-02-11 11:30:00,8.434,8.443,8.433,8.441,28650,24182567.0,8.394549999999999,0.027753567812330654,8.450057135624661,8.339042864375337,1.6736586918876992,8.410865553947755,8.37982611848849,0.031039435459264908,0.028091384956138176,0.005896101006253464,338266.2,0.009999999999999787,0.028199999999999826,8.457,8.329,8.393,False,False,0.0070000000000014495,0.013649999999999985
2026-02-11 13:00:00,8.44,8.445,8.422,8.422,111036,93625946.0,8.397,0.02791339991356551,8.45282679982713,8.34117320017287,0.8956271925818222,8.412578545648099,8.382950109711565,0.029628435936533748,0.028398795152217292,0.0024592815686329123,328058.85,0.022999999999999687,0.028199999999999826,8.457,8.329,8.393,False,False,0.017999999999998906,0.014199999999999945
2026-02-11 13:30:00,8.422,8.436,8.42,8.424,114864,96804523.0,8.3991,0.028302687244516407,8.455705374489034,8.342494625510968,0.8797751176373947,8.414335692471468,8.385990842325523,0.028344850145945344,0.028388006150962906,-8.631201003512362e-05,323270.4,0.016000000000000014,0.028099999999999792,8.457,8.329,8.393,False,False,0.0019999999999988916,0.013849999999999873
2026-02-11 14:00:00,8.423,8.426,8.413,8.417,203634,171471013.0,8.4013,0.027873964460308622,8.457047928920618,8.345552071079384,0.5632496239404728,8.414745585937396,8.388287816968077,0.026457768969319062,0.028001958714634137,-0.00308837949063015,316574.35,0.0129999999999999,0.027149999999999785,8.457,8.329,8.393,False,False,0.006000000000000227,0.013699999999999869
2026-02-11 14:30:00,8.417,8.419,8.401,8.402,750900,631548454.0,8.40185,0.02776835571194419,8.457386711423888,8.34631328857611,0.0054018322710815,8.412784726562412,8.3893035342297,0.023481192332711842,0.02709780543824968,-0.007233226211075673,325580.5,0.018000000000000682,0.026799999999999803,8.457,8.329,8.393,False,False,0.015000000000000568,0.013599999999999923
2026-02-11 15:00:00,8.403,8.415,8.402,8.411,108937,91579684.0,8.40265,0.027791090961669453,8.45823218192334,8.34706781807666,0.30045599906519405,8.412510153245117,8.390910679842316,0.02159947340280155,0.025998139031160054,-0.008797331256717007,319788.95,0.0129999999999999,0.027149999999999785,8.457,8.329,8.393,False,False,0.007999999999999119,0.013799999999999901
2026-02-12 09:30:00,8.41,8.471,8.41,8.47,629909,531684108.0,8.40685,0.03127177136345383,8.469393542726909,8.344306457273092,2.0193931218684127,8.421354745053561,8.396769148002145,0.024585597051416386,0.02571563063521132,-0.00226006716758987,320776.55,0.06099999999999994,0.026649999999999795,8.471,8.351,8.411000000000001,True,False,0.0600000000000005,0.01634999999999991
2026-02-12 10:00:00,8.471,8.489,8.457,8.467,337253,285747748.0,8.4108,0.03366334880295053,8.478126697605902,8.343473302394099,1.6694714577854075,8.428377091968398,8.40197143333532,0.0264056586330792,0.0258536362347849,0.0011040447965885991,317815.8,0.03200000000000003,0.02669999999999977,8.489,8.351,8.420000000000002,False,False,0.0039999999999995595,0.016449999999999854
2026-02-12 10:30:00,8.469,8.486,8.459,8.486,229334,194260103.0,8.416450000000001,0.036360005500514145,8.489170011001029,8.343729988998973,1.9128159922587495,8.43724215474249,8.408195771606778,0.029046383135712617,0.026492185614970444,0.005108395041484345,317021.15,0.027000000000001023,0.026299999999999813,8.489,8.351,8.420000000000002,False,False,0.017000000000001236,0.016549999999999888
2026-02-12 11:00:00,8.487,8.52,8.479,8.508,606383,515720997.0,8.42355,0.0397008219455865,8.502951643891173,8.344148356108828,2.1271599896784203,8.4481279770898,8.415588677413684,0.032539299676116684,0.027701608427199695,0.009675382497833979,338029.55,0.04100000000000037,0.027249999999999906,8.52,8.355,8.4375,True,False,0.02099999999999902,0.017249999999999856
2026-02-12 11:30:00,8.508,8.508,8.498,8.502,57896,49224220.0,8.4306,0.040519520961439175,8.511639041922878,8.349560958077122,1.7621136258730485,8.456415980614446,8.421989516123782,0.034426464490664443,0.029046579639892645,0.010759769701543596,339546.25,0.009999999999999787,0.02729999999999988,8.52,8.355,8.4375,False,False,0.005999999999998451,0.017249999999999766
2026-02-12 13:00:00,8.498,8.507,8.485,8.486,366344,311278805.0,8.43595,0.04041166454844426,8.516773329096889,8.355126670903111,1.2385037973380728,8.460967368212224,8.426731033447947,0.03423633476427668,0.030084530664769453,0.008303608199014448,327032.3,0.02200000000000024,0.02684999999999995,8.52,8.355,8.4375,False,False,0.011999999999998678,0.016949999999999753
2026-02-12 13:30:00,8.486,8.513,8.485,8.51,284064,241528873.0,8.4419,0.04216746064015524,8.526234921280311,8.35756507871969,1.6149893535478659,8.468510850025726,8.432899105044395,0.03561174498133113,0.03118997352808179,0.008843542906498678,321819.65,0.02800000000000047,0.027199999999999936,8.52,8.355,8.4375,False,False,0.023999999999999133,0.017549999999999687
2026-02-12 14:00:00,8.51,8.527,8.509,8.519,498816,424990046.0,8.44895,0.04270520121159883,8.534360402423198,8.363539597576802,1.6403154185578321,8.47627841156023,8.43927694911518,0.03700146244504943,0.03235227131147532,0.009298382267148214,330195.3,0.017999999999998906,0.02704999999999993,8.527,8.355,8.440999999999999,False,False,0.009000000000000341,0.01734999999999971
2026-02-12 14:30:00,8.52,8.52,8.507,8.511,808750,688530385.0,8.45535,0.04188489867289661,8.539119797345792,8.371580202654206,1.3286411514231657,8.481620194397118,8.444589767699242,0.037030426697876706,0.0332879023887556,0.0074850486182422155,352042.7,0.0129999999999999,0.027099999999999902,8.527,8.355,8.440999999999999,False,False,0.009000000000000341,0.017599999999999748
2026-02-12 15:00:00,8.511,8.519,8.509,8.514,157420,133996715.0,8.4622,0.03953359663823282,8.541267193276465,8.383132806723534,1.3102779510302498,8.486601702951408,8.449731266388188,0.036870436563219755,0.03400440922364843,0.005732054679142645,346426.25,0.009999999999999787,0.02729999999999997,8.527,8.355,8.440999999999999,False,False,0.0030000000000001137,0.017449999999999834
2026-02-13 09:30:00,8.474,8.486,8.43,8.472,1115910,943772457.0,8.4637,0.03929523876337,8.54229047752674,8.38510952247326,0.21122151846389187,8.484355287112729,8.451380802211286,0.032974484901442835,0.03379842435920732,-0.0016478789155289636,358269.55,0.08399999999999963,0.026399999999999934,8.527,8.401,8.463999999999999,False,False,0.002000000000000668,0.013199999999999878
2026-02-13 10:00:00,8.471,8.496,8.461,8.474,480820,407722011.0,8.46585,0.03858179963602563,8.54301359927205,8.388686400727948,0.21123949833564815,8.482762166018462,8.453056298343784,0.029705867674678643,0.032979913022301584,-0.006548090695245881,360876.0,0.03500000000000014,0.026349999999999964,8.527,8.401,8.463999999999999,False,False,0.0030000000000001137,0.012749999999999862
2026-02-13 10:30:00,8.474,8.475,8.447,8.469,500996,424006255.0,8.46695,0.038328874645304406,8.54360774929061,8.390292250709392,0.05348448184220082,8.48064490970793,8.454237313281281,0.02640759642664925,0.03166544970317112,-0.010515706553043735,375222.1,0.02800000000000047,0.026700000000000036,8.527,8.401,8.463999999999999,False,False,0.005000000000000782,0.0121999999999999
2026-02-13 11:00:00,8.47,8.47,8.421,8.434,895976,756172346.0,8.46695,0.038328874645304406,8.54360774929061,8.390292250709392,-0.8596652081471431,8.473468769752865,8.452738253038223,0.02073051671464121,0.029478463105465137,-0.01749589278164785,414394.6,0.049000000000001265,0.027550000000000095,8.527,8.401,8.463999999999999,False,False,0.036000000000001364,0.013349999999999973
2026-02-13 11:30:00,8.435,8.444,8.435,8.441,81901,69131405.0,8.46695,0.038328874645304406,8.54360774929061,8.390292250709392,-0.6770352701492373,8.468473574406271,8.45186875281317,0.01660482159310206,0.026903734802992525,-0.020597826419780932,417057.15,0.010000000000001563,0.027550000000000185,8.527,8.401,8.463999999999999,False,False,0.006000000000000227,0.013299999999999913
2026-02-13 13:00:00,8.441,8.46,8.435,8.435,272712,230345601.0,8.467600000000001,0.037630334907620216,8.54286066981524,8.392339330184761,-0.8663223455233943,8.463323793728383,8.45061921556775,0.012704578160633417,0.024063903474520705,-0.022718650627774575,425140.95,0.025000000000000355,0.02765000000000022,8.527,8.401,8.463999999999999,False,False,0.006000000000000227,0.012699999999999979
2026-02-13 13:30:00,8.434,8.452,8.41,8.419,642700,541590686.0,8.46735,0.03795048713364183,8.543250974267284,8.391449025732715,-1.2740284421049914,8.456504748539402,8.44827705145162,0.008227697087781038,0.02089666219717277,-0.025337930218783465,451532.75,0.041999999999999815,0.028950000000000208,8.527,8.401,8.463999999999999,False,False,0.014999999999998792,0.013349999999999973
2026-02-13 14:00:00,8.419,8.436,8.399,8.404,1683540,1415927064.0,8.4667,0.0389562507651946,8.544612501530388,8.388787498469611,-1.6094978024943496,8.448427094917955,8.444997269862611,0.003429825055343727,0.017403294768806966,-0.027946939426926477,525528.05,0.03700000000000081,0.030150000000000253,8.527,8.399,8.463,False,False,0.015000000000000568,0.01379999999999999
2026-02-13 14:30:00,8.404,8.425,8.361,8.378,3677738,3084016069.0,8.4655,0.04135023706412918,8.548200474128258,8.382799525871743,-2.116070093245137,8.437592157238269,8.440034509132047,-0.002442351893778394,0.013434165436289894,-0.03175303466013658,671869.95,0.06400000000000006,0.03245000000000022,8.527,8.361,8.443999999999999,False,True,0.0259999999999998,0.014349999999999951
2026-02-13 15:00:00,8.378,8.379,8.368,8.373,821674,687891869.0,8.4636,0.04472183029863293,8.553043660597265,8.374156339402735,-2.025856262926022,8.427654902278535,8.435068989937081,-0.007414087658546009,0.009264514817322714,-0.03335720495173745,707506.8,0.010999999999999233,0.03235000000000019,8.527,8.361,8.443999999999999,False,False,0.005000000000000782,0.014200000000000036
